,id_op_or,producto
0,973.0,EMULSION CORPORAL SUAVIZANTE
1,973.0,EMULSION CORPORAL NUTRITIVA
2,973.0,EMULSION CORPORAL ANTIAGE
3,973.0,CREMA FACIAL ANTIAGE
4,973.0,CREMA FACIAL DIURNA
5,973.0,CREMA FACIAL NOCTURNA NUTRITIVA
6,973.0,SERUM CONTORNO DE OJOS
7,973.0,SERUM CONTORNO DE LABIOS
8,973.0,TONICO FACIAL
9,973.0,ACEITE DE LIMPIEZA
10,974.0,MIEL
11,975.0,PAPILLA PARA BEBE
12,991.0,YERBA MATE
13,991.0,TE
14,1027.0,MIEL
15,1286.0,VINO
16,1287.0,AZUCAR DE CAÑA
17,1287.0,CHIA SALVIA HISPANICA L
18,1287.0,POROTO
19,1287.0,AJO NEGRO
20,1287.0,MELAZA
21,1287.0,CEREALES
22,1288.0,TORTA DE SOJA
23,1288.0,CHIA
24,1288.0,HARINA DE COLZA
25,1288.0,ARROZ
26,1288.0,CENTENO
27,1288.0,LINO
28,1288.0,SORGO
29,1288.0,AVENA
30,1288.0,ACEITE DE GIRASOL
31,1288.0,ACEITE DE SOJA
32,1288.0,HARINA DE GIRASOL
33,1288.0,HARINA DE SOJA
34,1288.0,TRIGO
35,1288.0,GARBANZO
36,1288.0,SOJA
37,1288.0,GIRASOL
38,1288.0,HARINA DE SOJA
39,1288.0,COLZA
40,1288.0,ACEITE DE COLZA
41,1288.0,MAIZ
42,1288.0,CARTAMO
43,1288.0,CEBADA
44,1288.0,MIJO
45,1289.0,LANA LAVADA
46,1289.0,LANA SUCIA
47,1289.0,TOPS DE LANA
48,1289.0,BLOUSSE PUNCHAS
49,1290.0,MIEL
50,1291.0,YERBA MATE
51,1291.0,TE NEGRO
52,1292.0,GIRASOL
53,1292.0,LINO
54,1292.0,MAIZ
55,1292.0,MAIZ PISINGALLO
56,1292.0,SOJA
57,1292.0,TRIGO
58,1292.0,GARBANZO
59,1293.0,CEREALES
60,1293.0,OLEAGINOSAS
61,1294.0,CHIA SALVIA HISPANICA L
62,1295.0,LANA LAVADA
63,1295.0,LANA SUCIA
64,1295.0,TOPS DE LANA
65,1296.0,TRUCHAS A LAS FINAS HIERBAS
66,1296.0,PATE DE TRUCHA
67,1296.0,TRUCA AL AJI KITUCHO
68,1297.0,ACEITE DE JOJOBA
69,1298.0,CEREALES
70,1298.0,OLEAGINOSAS
71,1298.0,OTROS PRODUCTOS ORGANICOS
72,1299.0,PULPA CONCENTRADA DE CIRUELA
73,1299.0,PURE DE PERA CONCENTRADO
74,1299.0,PURE DE DAMASCO CONCENTRADO
75,1299.0,PURE DE DAMASCO
76,1299.0,ZAPALLO
77,1299.0,PULPA DE DAMASCO
78,1299.0,ZANAHORIA
79,1299.0,PULPA CONCENTRADA DE DURAZNO
80,1299.0,PURE DE ZANAHORIA
81,1299.0,PURE DE DURAZNO
82,1299.0,PULPA DE MANZANA
83,1299.0,PULPA DE ZANAHORIA
84,1299.0,PULPA DE ZAPALLO
85,1299.0,MANZANA
86,1299.0,PULPA CONCENTRADA DE DAMASCO
87,1299.0,PURE DE MANZANA CONCENTRADO
88,1299.0,DURAZNO
89,1299.0,PULPA DE DURAZNO
90,1299.0,PERA
91,1299.0,PURE DE PERA
92,1299.0,PURE DE DURAZNO CONCENTRADO
93,1299.0,CIRUELA
94,1299.0,PULPA DE PERA
95,1299.0,BATATA
96,1299.0,DAMASCO
97,1299.0,PURE DE ZAPALLO
98,1299.0,PURE DE BATATA
99,1299.0,PULPA CONCENTRADA DE PERA
100,1299.0,PULPA DE CIRUELA
101,1299.0,PULPA CONCENTRADA DE MANZANA
102,1299.0,PURE DE MANZANA
103,1300.0,LANA SUCIA
104,1301.0,ACEITE DE JOJOBA
105,1302.0,ARROZ
106,1303.0,GRANOS
107,1304.0,GIRASOL
108,1304.0,SOJA
109,1304.0,MAIZ
110,1305.0,MIEL
111,1306.0,MIEL
112,1307.0,CHIA SALVIA HISPANICA L
113,1308.0,ARANDANO
114,1308.0,MANZANA
115,1308.0,PERA
116,1308.0,CEREZA
117,1308.0,ACEITE DE OLIVA
118,1308.0,ACEITUNAS
119,1308.0,CIRUELA
120,1309.0,FRUTILLA
121,1309.0,FRUTILLA CONGELADA
122,1309.0,ARANDANO
123,1309.0,ARANDANO CONGELADO
124,1310.0,ACEITE DE JOJOBA
125,1311.0,CHIA SALVIA HISPANICA L
126,1312.0,CHIA
127,1313.0,CHOCOLATE
128,1314.0,PERA
129,1314.0,MANZANA
130,1315.0,ACEITE DE LIMPIEZA
131,1315.0,EMULSION CORPORAL ANTIAGE
132,1315.0,EMULSION CORPORAL NUTRITIVA
133,1315.0,EMULSION CORPORAL SUAVIZANTE
134,1315.0,CREMA FACIAL ANTIAGE
135,1315.0,CREMA FACIAL DIURNA
136,1315.0,CREMA FACIAL NOCTURNA NUTRITIVA
137,1315.0,SERUM CONTORNO DE LABIOS
138,1315.0,SERUM CONTORNO DE OJOS
139,1315.0,TONICO FACIAL
140,1316.0,GIRASOL
141,1316.0,ACEITE DE COLZA CANOLA
142,1316.0,ARROZ
143,1316.0,VINO
144,1316.0,MAIZ
145,1316.0,NUEZ
146,1316.0,ACEITE DE SOJA
147,1316.0,ACEITUNAS
148,1316.0,CHIA SALVIA HISPANICA L
149,1316.0,CIRUELA
150,1316.0,ACEITE DE GIRASOL
151,1316.0,ACEITE DE OLIVA
152,1316.0,LINO
153,1316.0,PASAS DE UVA
154,1317.0,TRIGO
155,1317.0,SOJA
156,1317.0,MAIZ
157,1317.0,MAIZ PISINGALLO
158,1317.0,SORGO
159,1317.0,CANOLA
160,1317.0,GIRASOL
161,1317.0,ALCOHOL
162,1318.0,AJO
163,1318.0,CEBOLLA
164,1318.0,ZAPALLO
165,1319.0,TE
166,1320.0,CARNE VACUNA
167,1321.0,ARROZ
168,1321.0,LINO
169,1321.0,ACEITE DE OLIVA
170,1321.0,HARINA DE MAIZ
171,1321.0,MAIZ
172,1321.0,MIJO
173,1321.0,TRIGO
174,1321.0,CENTENO
175,1321.0,CIRUELA DESHIDRATADA CON CAROZO
176,1321.0,MANZANA DESHIDRATADA
177,1322.0,CIRUELA
178,1322.0,MANZANA
179,1322.0,PERA
180,1322.0,ARANDANO
181,1323.0,PERA
182,1323.0,MANZANA
183,1324.0,LANA SUCIA
184,0.0,SOJA
185,1.0,GIRASOL
186,1.0,MIJO
187,1.0,RESIDUO VEGETAL
188,2.0,MAIZ
189,2.0,AVENA
190,2.0,CAMPO NATURAL
191,3.0,SOJA
192,3.0,ALPISTE
193,4.0,SOJA
194,4.0,ALPISTE
195,4.0,TRIGO
196,5.0,CEREALES
197,6.0,CEREALES
198,7.0,NUEZ PECAN
199,7.0,PASTURAS
200,7.0,INCULTO
201,8.0,GANADERIA BOVINA
202,9.0,ARANDANO
203,10.0,ARANDANO
204,10.0,FRAMBUESA
205,10.0,MORA
206,10.0,TOMATE
207,10.0,PIMIENTO
208,10.0,ZAPALLO
209,10.0,INCULTO
210,11.0,ARANDANO
211,11.0,DESCANSO
212,12.0,TRIGO
213,12.0,SOJA
214,13.0,LINO DORADO
215,13.0,SOJA
216,14.0,TRIGO
217,14.0,SOJA
218,15.0,TRIGO
219,15.0,SOJA
220,16.0,ARANDANO
221,16.0,PASTURAS
222,17.0,ARANDANO
223,17.0,NARANJA
224,18.0,VACAS
225,18.0,VAQUILLONAS
226,18.0,NOVILLOS
227,18.0,TOROS
228,18.0,TERNERAS
229,19.0,OLIVO
230,20.0,REPOLLO
231,20.0,ACELGA
232,20.0,BROCOLI
233,20.0,HINOJO
234,20.0,HABAS
235,20.0,ESPINACA
236,20.0,COLIFLOR
237,20.0,LECHUGA
238,20.0,CEBOLLA DE VERDEO
239,20.0,MANZANA
240,20.0,HIGOS
241,20.0,CIRUELA
242,20.0,PERA
243,20.0,DURAZNO
244,20.0,MANDARINA
245,20.0,POMELO
246,20.0,FORESTALES
247,21.0,ARANDANO
248,21.0,MORA
249,21.0,CIRUELA
250,21.0,DURAZNO
251,22.0,ARANDANOS
252,23.0,HORTALIZAS
253,24.0,HORTICULTURA
254,24.0,HORTALIZAS DE RAIZ
255,24.0,HOJA
256,24.0,FRUTOS
257,25.0,HUEVOS
258,26.0,AVENA
259,26.0,TRIGO
260,27.0,KIWI
261,28.0,CEREALES
262,29.0,CEREALES
263,30.0,TRIGO
264,30.0,CENTENO
265,30.0,AVENA
266,30.0,CEBADA
267,30.0,PASTURAS
268,30.0,CAMPO NATURAL
269,31.0,CEREALES
270,32.0,CEREALES
271,33.0,MAIZ
272,33.0,SOJA
273,33.0,GIRASOL
274,33.0,LINO
275,33.0,TRIGO
276,34.0,MAIZ
277,34.0,LINO
278,34.0,TRIGO
279,34.0,GIRASOL
280,35.0,AVENA
281,35.0,ARVEJA
282,35.0,ABONO VERDE
283,35.0,TRIGO
284,35.0,SORGO
285,36.0,KIWIS
286,37.0,VACAS
287,37.0,TERNEROS
288,38.0,KIWI
289,38.0,LIMON
290,38.0,MORAS SILVESTRES
291,38.0,NOGALES
292,38.0,MANDARINA
293,38.0,HIGO
294,39.0,ALFALFA
295,39.0,CAMPO NATURAL
296,39.0,SOJA
297,39.0,TRIGO
298,39.0,AVENA
299,39.0,CEBADA
300,39.0,ARVEJA
301,39.0,LINO
302,39.0,ZAPALLO
303,39.0,SESAMO
304,39.0,POROTO
305,39.0,AMARANTO
306,39.0,MAIZ
307,39.0,GIRASOL
308,39.0,SORGO
309,39.0,MAIZ PISINGALLO
310,40.0,CEREALES
311,40.0,OLEAGINOSAS
312,41.0,LECHE
313,41.0,VACAS DE TAMBO
314,41.0,VAQUILLONAS
315,41.0,TOROS
316,41.0,TERNERAS
317,41.0,TERNEROS
318,42.0,AVENA
319,43.0,RUCULA
320,43.0,RABANITO
321,43.0,PUERROS
322,43.0,PIMIENTOS
323,43.0,BERENJENAS
324,43.0,CEBOLLA
325,43.0,PEREJIL
326,43.0,ACELGA
327,43.0,REMOLACHA
328,43.0,ZAPALLO
329,43.0,BATATA
330,43.0,HINOJO
331,43.0,ESCAROLA
332,43.0,REPOLLO
333,43.0,ZANAHORIA
334,43.0,CHAUCHA
335,43.0,ZAPALLITO
336,43.0,ZUCCHINI
337,43.0,TOMATE
338,43.0,LECHUGA
339,43.0,CIBOULETTE
340,43.0,FRUTILLA
341,43.0,ESPINACA
342,43.0,ARVEJA
343,43.0,HABAS
344,43.0,PAK CHOY
345,43.0,RADICHETA
346,43.0,APIO
347,43.0,JENJIBRE
348,43.0,MILENRAMA
349,43.0,CEDRON
350,43.0,SALVIA
351,43.0,MENTA
352,43.0,MELISA
353,43.0,TOMILLO
354,43.0,ROMERO
355,43.0,MOSTAZA
356,43.0,CURCUMA
357,43.0,AJENJO
358,43.0,KALE
359,43.0,LIMON
360,43.0,MANZANA
361,43.0,BROCOLI
362,43.0,AJO
363,43.0,ALCAUCIL
364,44.0,CEREALES
365,44.0,OLEAGINOSAS
366,45.0,CEREALES
367,45.0,OLEAGINOSAS
368,46.0,CEREALES
369,46.0,OLEAGINOSAS
370,47.0,PASTURAS
371,47.0,SORGO
372,47.0,CEBADA
373,47.0,TRIGO
374,47.0,CAMPO NATURAL
375,48.0,GANADERIA BOVINA
376,49.0,CEREALES
377,50.0,AVENA
378,50.0,CEBADA
379,50.0,TRIGO
380,51.0,ZAPALLO RED HOKKAIDO
381,51.0,CEBOLLA
382,52.0,AVENA
383,52.0,TRIGO
384,53.0,AVENA
385,53.0,TRIGO
386,54.0,KIWI
387,54.0,DESCANSO
388,54.0,MONTE
389,55.0,SOJA
390,56.0,GANADERIA BOVINA
391,57.0,TRIGO
392,58.0,TRIGO
393,59.0,MAIZ
394,59.0,CENTENO
395,59.0,DESCANSO
396,59.0,SOJA
397,59.0,ABONO VERDE
398,60.0,ESPINACA
399,60.0,REPOLLO
400,60.0,ACELGA
401,60.0,LECHUGA
402,60.0,RADICHETA
403,60.0,NABO
404,60.0,RUCULA
405,60.0,HINOJO
406,60.0,BROCOLI
407,60.0,ZANAHORIA
408,60.0,PUERRO
409,60.0,ESPARRAGOS
410,60.0,BERENJENA
411,60.0,TOMATE
412,60.0,AJI
413,60.0,PIMIENTO
414,60.0,FRUTILLA
415,60.0,BATATA
416,60.0,ZAPALLO
417,60.0,REMOLACHA
418,60.0,ALCAUCIL
419,60.0,APIO
420,60.0,RABANITO
421,60.0,CEBOLLA
422,60.0,ZUCCHINI
423,60.0,NARANJA
424,60.0,LIMON
425,60.0,MANDARINA
426,60.0,POMELO
427,60.0,HIGOS
428,60.0,CIRUELA
429,60.0,QUINOTO
430,60.0,NUEZ
431,60.0,ALMENDRAS
432,60.0,PALTA
433,60.0,ZAPALLITO
434,61.0,SOJA
435,61.0,ABONO VERDE
436,62.0,MAIZ
437,63.0,MAIZ
438,64.0,SOJA
439,64.0,MAIZ
440,65.0,SOJA
441,65.0,ARVEJA
442,65.0,MAIZ
443,65.0,RESIDUO VEGETAL
444,66.0,CENTENO
445,66.0,MAIZ PISINGALLO
446,66.0,DESCANSO
447,66.0,SOJA
448,67.0,CEBADA
449,67.0,TRIGO
450,67.0,GANADERIA BOVINA
451,68.0,VACAS
452,68.0,TERNERAS
453,68.0,TOROS
454,68.0,VAQUILLONAS
455,68.0,NOVILLOS
456,69.0,GIRASOL ALTO OLEICO
457,69.0,DINKEL
458,70.0,ROMERO
459,70.0,LAVANDA
460,70.0,LAVANDIN
461,70.0,OREGANO
462,70.0,TOMILLO
463,70.0,SALVIA
464,70.0,HISOPO
465,70.0,MELISA
466,70.0,AJEDREA
467,71.0,SORGO FORRAJERO
468,71.0,GIRASOL
469,71.0,GANADERIA BOVINA
470,71.0,GANADERIA OVINA
471,72.0,RUCULA CHINA
472,72.0,NIRA
473,72.0,REMNOLACHA
474,72.0,PACK CHOI
475,72.0,REMOLACHA
476,72.0,BRASSICA CHINENSIS
477,72.0,BRASSICA ALBOGLABRA
478,72.0,BRASSICA JUNCEA
479,72.0,LECHUGA CHINA
480,72.0,RUCULA SELVATICA
481,72.0,APIO CHINO
482,72.0,ESPINACA
483,72.0,CRISANTEMO
484,72.0,IPOMOEA AQUATICA
485,72.0,BRASSICA NAPUS
486,73.0,VACAS
487,73.0,TERNERAS
488,73.0,TOROS
489,74.0,PASTURAS
490,75.0,MAIZ PISINGALLO
491,75.0,DESCANSO
492,75.0,GIRASOL ALTO OLEICO
493,76.0,CEREALES
494,76.0,OLEAGINOSAS
495,77.0,ALZA MELARIA
496,77.0,COLMENAS
497,77.0,NUCLEOS
498,78.0,TOROS
499,78.0,VACAS
500,78.0,TERNERAS
501,78.0,TERNEROS
502,79.0,ALFALFA
503,79.0,TRIGO
504,79.0,CENTENO
505,80.0,HORTALIZAS
506,81.0,HORTALIZAS
507,82.0,CEREALES
508,82.0,OLEAGINOSAS
509,83.0,CEREALES
510,83.0,OLEAGINOSAS
511,84.0,CEREALES
512,84.0,OLEAGINOSAS
513,85.0,CEREALES
514,85.0,OLEAGINOSAS
515,86.0,CEREALES
516,86.0,OLEAGINOSAS
517,87.0,CEREALES
518,87.0,OLEAGINOSAS
519,88.0,ZANAHORIA
520,88.0,CEBOLLA VERDEO
521,88.0,REPOLLO
522,88.0,LECHUGA
523,88.0,ACELGA
524,88.0,PEREJIL
525,88.0,RUCULA
526,88.0,PUERRO
527,88.0,NABO
528,88.0,AJO
529,88.0,ESPINACA
530,88.0,RADICHETA
531,89.0,INCULTO
532,89.0,AVENA
533,89.0,PASTURAS
534,89.0,CENTENO
535,89.0,SORGO
536,89.0,GIRASOL
537,90.0,CEREALES
538,90.0,OLEAGINOSAS
539,91.0,CEREALES
540,92.0,SORGO
541,93.0,SOJA
542,93.0,MAIZ
543,94.0,GIRASOL ALTO OLEICO
544,95.0,MAIZ
545,96.0,SOJA
546,96.0,MAIZ
547,97.0,MAIZ
548,97.0,DESCANSO
549,98.0,SORGO
550,98.0,SOJA
551,99.0,HORTICULTURA
552,100.0,HORTALIZAS
553,101.0,AVENA
554,101.0,CENTENO
555,101.0,GANADERIA BOVINA
556,102.0,TRIGO
557,102.0,AVENA
558,102.0,CENTENO
559,102.0,CEBADA
560,102.0,GIRASOL
561,102.0,GANADERIA BOVINA
562,103.0,SOJA
563,103.0,MAIZ
564,103.0,PASTURAS
565,103.0,TRIGO
566,103.0,CEBADA
567,103.0,CAMPO NATURAL
568,104.0,SOJA
569,104.0,SORGO
570,104.0,CAMPO NATURAL
571,104.0,PASTURAS
572,105.0,MAIZ
573,105.0,PASTURAS
574,105.0,SOJA
575,105.0,MAIZ PISINGALLO
576,105.0,CAMPO NATURAL
577,106.0,DESCANSO
578,106.0,SOJA
579,106.0,MAIZ
580,106.0,PASTURAS
581,107.0,PASTURAS
582,107.0,ABONO VERDE
583,107.0,CAMPO NATURAL
584,107.0,SOJA
585,107.0,DESCANSO
586,107.0,MONTE
587,108.0,SOJA
588,109.0,SOJA
589,110.0,SOJA
590,111.0,VACAS
591,111.0,NOVILLOS
592,111.0,VAQUILLONAS
593,111.0,TOROS
594,111.0,TERNEROS
595,111.0,TERNERAS
596,112.0,RADICHETA
597,112.0,RUCULA
598,112.0,ALBAHACA
599,112.0,MENTA
600,112.0,CILANTRO
601,112.0,SALVIA
602,112.0,TOMILLO
603,112.0,ESPARRAGOS
604,112.0,TOMATE
605,112.0,INCULTO
606,112.0,ROMERO
607,112.0,ALFALFA
608,112.0,ALCAUCIL
609,112.0,ESTRAGON
610,112.0,PEREJIL
611,112.0,CEBOLLA
612,113.0,TRIGO
613,114.0,TRIGO
614,115.0,HORTALIZAS
615,115.0,ARROZ
616,116.0,SOJA
617,117.0,CEREALES
618,117.0,OLEAGINOSAS
619,118.0,CEREALES
620,118.0,OLEAGINOSAS
621,119.0,CEREALES
622,119.0,OLEAGINOSAS
623,120.0,CEREALES
624,120.0,OLEAGINOSAS
625,121.0,CEREALES
626,121.0,OLEAGINOSAS
627,122.0,VACAS
628,122.0,VAQUILLONAS
629,122.0,TOROS
630,122.0,TERNEROS
631,122.0,TERNERAS
632,123.0,MORA
633,123.0,INCULTO
634,123.0,ARANDANO
635,123.0,FRAMBUESA
636,123.0,PERA
637,123.0,MANDARINA
638,123.0,NARANJA
639,123.0,LIMON
640,123.0,NUEZ PECAN
641,123.0,HIGOS
642,123.0,DURAZNO
643,123.0,CIRUELA
644,124.0,HORTICULTURA
645,124.0,RAIZ
646,124.0,HOJAS
647,124.0,FRUTOS
648,124.0,FRUTALES
649,124.0,CAROZO
650,124.0,PEPITA
651,124.0,CITRICOS
652,125.0,CEREALES
653,125.0,OLEAGINOSAS
654,125.0,GANADERIA BOVINA
655,126.0,MAIZ
656,126.0,SOJA
657,126.0,GIRASOL
658,976.0,MIEL
659,977.0,CHIA SALVIA HISPANICA L
660,978.0,NUEZ PECAN
661,979.0,ACOPIO DE CEREALES
662,979.0,OLEAGINOSAS
663,980.0,ACEITE DE GIRASOL
664,980.0,ACEITE DE COLZA
665,980.0,EXPELLER DE GIRASOL
666,980.0,EXPELLER DE COLZA
667,980.0,HARINA DE COLZA
668,981.0,SOJA
669,981.0,GIRASOL
670,981.0,HARINA SOJA
671,981.0,HARINA GIRASOL
672,981.0,ACEITE DE SOJA
673,981.0,ACEITE DE GIRASOL
674,981.0,COLZA
675,981.0,HARINA DE COLZA
676,981.0,ACEITE DE COLZA
677,981.0,GARBANZO
678,982.0,CHIA
679,982.0,ARROZ
680,982.0,TORTA DE SOJA
681,982.0,MAIZ
682,982.0,TRIGO
683,982.0,GIRASOL
684,982.0,CARTAMO
685,982.0,HARINA DE SOJA
686,982.0,HARINA DE GIRASOL
687,982.0,ACEITE DE SOJA
688,982.0,AVENA
689,982.0,SORGO
690,982.0,CEBADA
691,982.0,LINO
692,982.0,CENTENO
693,982.0,MIJO
694,982.0,ACEITE DE GIRASOL
695,983.0,CEREALES
696,983.0,OLEAGINOSAS
697,984.0,ACEITE DE OLIVA
698,985.0,FRUTAS
699,985.0,FRUTAS IQF
700,986.0,FRUTAS
701,986.0,HORTALIZAS
702,987.0,YERBA MATE
703,988.0,MIEL
704,988.0,SUBPRODUCTOS DE LA COLMENA
705,989.0,AZUCAR DE CAÑA
706,990.0,ACEITE DE GIRASOL
707,990.0,HARINA DE TRIGO
708,992.0,MIEL
709,992.0,CERA
710,993.0,TURRON
711,993.0,GARRAPIÑADA
712,993.0,CARAMELOS
713,993.0,CHUPETINES
714,993.0,MIEL
715,994.0,TRIGO
716,995.0,KIWIS
717,996.0,LINO
718,996.0,MIJO
719,996.0,SOJA
720,996.0,ARROZ
721,996.0,GIRASOL
722,996.0,AVENA ARROLLADA
723,997.0,QUESO
724,997.0,QUESO SABORIZADO
725,998.0,TRIGO
726,999.0,ALIMENTO BALANCEADO
727,1000.0,FRUTAS
728,1000.0,HORTALIZAS FRESCAS
729,1000.0,DULCES
730,1001.0,AZUCAR DE CAÑA
731,1002.0,AZUCAR DE CAÑA
732,1003.0,MERMELADA DE KIWI
733,1003.0,JUGO DE KIWI
734,1003.0,JUGO DE FRAMBUESA
735,1003.0,JUGO DE DURAZNO
736,1003.0,JUGO DE CIRUELA
737,1003.0,JUGO DE PERA
738,1003.0,JUGO DE ARANDANO
739,1003.0,PULPA DE KIWI
740,1003.0,PULPA DE FRAMBUESA
741,1003.0,PULPA DE DURAZNO
742,1003.0,PULPA DE CIRUELA
743,1003.0,PULPA DE PERA
744,1003.0,PULPA DE ARANDANO
745,1004.0,CHUFA
746,1005.0,SOJA
747,1005.0,MAIZ
748,1005.0,MAIZ PISINGALLO
749,1005.0,GIRASOL
750,1005.0,TRIGO
751,1005.0,SORGO
752,1005.0,ARVEJA
753,1005.0,CEBADA
754,1005.0,LINO
755,1006.0,AZUCAR INTEGRAL DE CAÑA
756,1006.0,ACEITE DE OLIVA
757,1006.0,HARINA INTEGRAL SUPER FINA
758,1006.0,FINA
759,1006.0,GRUESA
760,1006.0,YERBA MATE SUAVE
761,1006.0,FUERTE
762,1006.0,COMPUESTA
763,1006.0,SIN PALO
764,1006.0,CON PALO
765,1006.0,HARINA DE SOJA
766,1006.0,HARINA DE SOJA TOSTADA
767,1006.0,POROTO DE SOJA
768,1006.0,SEMILLAS DE LINO
769,1006.0,TRIGO PAN
770,1006.0,HARINA DE MAIZ
771,1006.0,TE VERDE SAQUITOS
772,1006.0,HEBRAS
773,1006.0,SEMITA DE MAIZ
774,1006.0,MAIZ PISINGALLO
775,1006.0,ACEITUNAS VERDES
776,1006.0,ACEITUNAS NEGRAS
777,1006.0,TE NEGRO SAQUITOS
778,1006.0,HEBRAS
779,1006.0,MIX PARA MILANESA DE SOJA
780,1006.0,REBOZADOR
781,1006.0,TE DE ROSA MOSQUETA SAQUITOS
782,1007.0,TE ROJO
783,1007.0,TE DE ROSA MOSQUETA
784,1007.0,YERBA MATE
785,1008.0,HIERBAS AROMATICAS
786,1008.0,AJEDREA
787,1008.0,SALVIA
788,1008.0,MELISA
789,1008.0,ROMERO
790,1008.0,OREGANO
791,1008.0,TOMILLO
792,1008.0,MENTA
793,1008.0,YERBA MATE
794,1008.0,ESTRAGON
795,1008.0,LAVANDA
796,1008.0,LAVANDIN
797,1008.0,MEZCLA PARA AVES
798,1008.0,CARNES
799,1008.0,PESCADOS
800,1008.0,MEZCLA DE HIERBAS PARA INFUSION
801,1008.0,TE VERDE CON MENTA
802,1008.0,CEDRON
803,1008.0,HISOPO
804,1008.0,HOJA DE PARRA
805,1008.0,CHIA
806,1008.0,TILO
807,1009.0,GALLETA DE ARROZ
808,1009.0,REBOZADOR DE ARROZ
809,1009.0,HARINA DE ARROZ
810,1009.0,ARROZ
811,1009.0,MAIZ
812,1009.0,LINO
813,1009.0,GIRASOL
814,1010.0,SORGO
815,1010.0,LINO
816,1010.0,SOJA
817,1010.0,MAIZ
818,1010.0,MAIZ PISINGALLO
819,1010.0,GIRASOL
820,1010.0,COLZA CANOLA
821,1010.0,ACEITE DE SOJA
822,1010.0,ACEITE DE GIRASOL
823,1010.0,EXPELLER DE GIRASOL
824,1010.0,ACEITE DE COLZA CANOLA
825,1010.0,EXPELLER DE COLZA CANOLA
826,1010.0,ACEITE DE CARTAMO
827,1010.0,EXPELLER DE CARTAMO
828,1011.0,MIEL
829,1011.0,CERA
830,1012.0,CEREALES
831,1012.0,OLEAGINOSAS
832,1013.0,MIEL
833,1013.0,SUBPRODUCTOS DE LA COLMENA
834,1014.0,CHIA SALVIA HISPANICA L
835,1014.0,ACEITE DE CHIA
836,1015.0,AJO NEGRO
837,1016.0,CHIA SALVIA HISPANICA L
838,1016.0,SESAMO
839,1017.0,KIWIS
840,1018.0,ACEITE DE GIRASOL
841,1018.0,EXPELLER DE GIRASOL
842,1018.0,ACEITE DE CANOLA
843,1018.0,ACEITE DE SOJA
844,1018.0,EXPELLER DE SOJA
845,1018.0,GIRASOL
846,1018.0,CANOLA
847,1018.0,EXPELLER DE CANOLA
848,1018.0,SORGO
849,1018.0,TRIGO
850,1018.0,MAIZ PISINGALLO
851,1018.0,MAIZ
852,1018.0,SOJA
853,1019.0,MAIZ
854,1019.0,GIRASOL
855,1019.0,SOJA
856,1019.0,CANOLA
857,1020.0,GIRASOL
858,1020.0,SOJA
859,1020.0,MAIZ
860,1020.0,CANOLA
861,1021.0,TOFU
862,1022.0,MIEL
863,1023.0,MENTA
864,1023.0,TE
865,1024.0,ALCOHOL
866,1025.0,AVENA ARROLLADA
867,1026.0,CEBADA
868,1028.0,GIRASOL
869,1028.0,SOJA
870,1028.0,MAIZ
871,1028.0,MAIZ PISINGALLO
872,1028.0,CANOLA
873,1029.0,MAIZ
874,1029.0,MAIZ PISINGALLO
875,1029.0,SOJA
876,1029.0,GIRASOL
877,1029.0,CANOLA
878,1029.0,TRIGO
879,1029.0,CEBADA
880,1030.0,MAIZ
881,1030.0,SOJA
882,1030.0,GIRASOL
883,1030.0,TRIGO
884,1030.0,CEBADA
885,1030.0,CANOLA
886,1031.0,ACEITE DE SOJA
887,1031.0,ACEITE DE GIRASOL
888,1031.0,ACEITES DE COLZA
889,1031.0,HARINA DE SOJA
890,1031.0,EXPELLER DE GIRASOL
891,1031.0,EXPELLER DE CANOLA
892,1032.0,HARINA DE MAIZ
893,1032.0,HOMINY GRITS
894,1032.0,MAIZ PISINGALLO
895,1032.0,SEMOLA DE MAIZ
896,1032.0,SEMITA DE MAIZ
897,1032.0,HARINA ZOOTECNICA
898,1033.0,ARROZ
899,1033.0,TRIGO
900,1033.0,HORTALIZAS
901,1033.0,SOJA
902,1033.0,SALSA DE SOJA
903,1033.0,PASTA DE SOJA
904,1033.0,QUESO DE SOJA
905,1034.0,GIRASOL ALTO OLEICO
906,1034.0,SOJA
907,1034.0,MAIZ
908,1034.0,GIRASOL
909,1034.0,CANOLA
910,1034.0,GARBANZO
911,1035.0,SEMILLAS
912,1035.0,HARINAS
913,1035.0,ACEITES
914,1036.0,ARANDANO
915,1036.0,FRAMBUESA
916,1036.0,ZAPALLO
917,1037.0,HORTALIZAS
918,1038.0,LINO
919,1038.0,CHIA SALVIA HISPANICA L
920,1039.0,MIEL
921,1040.0,VINO
922,1041.0,ACEITE DE GIRASOL ALTO OLEICO
923,1325.0,CEREALES
924,1325.0,OLEAGINOSAS
925,1325.0,OTROS PRODUCTOS ORGANICOS
926,1326.0,EXPELLER DE GIRASOL
927,1326.0,GIRASOL
928,1326.0,ACEITE DE GIRASOL
929,1326.0,ACEITE DE CANOLA
930,1327.0,FRUTILLA CONGELADA
931,1327.0,ARANDANO CONGELADO
932,1327.0,FRAMBUESA CONGELADA
933,1327.0,MORAS CONGELADAS
934,1327.0,ESPARRAGO CONGELADOS
935,1328.0,CIRUELA DESHIDRATADA
936,1329.0,ARANDANO
937,1329.0,ARANDANO CONGELADO
938,1330.0,TRIGO
939,1331.0,ARANDANO
940,1331.0,ARANDANO CONGELADO
941,1332.0,ARANDANO
942,1332.0,ARANDANO CONGELADO
943,1333.0,PASAS DE  UVA
944,1334.0,YERBA MATE SUAVE
945,1334.0,YERBA MATE CON PALO
946,1334.0,YERBA MATE FUERTE
947,1334.0,YERBA MATE COMPUESTA
948,1334.0,YERBA MATE DESPALILLADA
949,1334.0,YERBA MATE EN SAQUITOS
950,1334.0,TE DE ROSA MOSQUETA EN SAQUITOS
951,1334.0,TE VERDE EN SAQUITOS
952,1334.0,TE VERDE EN HEBRAS
953,1334.0,TE NEGRO EN SAQUITOS
954,1334.0,TE NEGRO EN HEBRAS
955,1334.0,SEMILLAS DE LINO
956,1334.0,HARINA INTEGRAL SUPERFINA
957,1334.0,ACEITUNAS NEGRAS
958,1334.0,POROTOS DE SOJA
959,1334.0,AZUCAR INTEGRAL DE CAÑA
960,1334.0,REBOZADOR
961,1334.0,HARINA DE SOJA
962,1334.0,HARINA DE MAIZ
963,1334.0,HARINA INTEGRAL GRUESA
964,1334.0,HARINA INTEGRAL FINA
965,1334.0,HARINA DE SOJA TOSTADA
966,1334.0,SEMITA DE MAIZ
967,1334.0,MIX PARA PREPARAR MILANESAS DE SOJA
968,1334.0,TRIGO PAN
969,1334.0,ACEITUNAS VERDES
970,1334.0,ACEITE DE OLIVA
971,1335.0,SESAMO
972,1335.0,HIERBAS AROMATICAS
973,1335.0,YERBA MATE
974,1335.0,MELISA
975,1335.0,MENTA
976,1335.0,LAVANDA VERA
977,1335.0,OREGANO
978,1335.0,TOMILLO
979,1335.0,AJEDREA
980,1335.0,CEDRON
981,1335.0,ESTRAGON FRANCES
982,1335.0,SALVIA
983,1335.0,ROMERO
984,1335.0,LAVANDIN
985,1335.0,ROSA MOSQUETA
986,1335.0,MIJO
987,1335.0,MEZCLA PARA AVES
988,1335.0,MEZCLA PARA CARNES
989,1335.0,MEZCLA PARA PESCADOS
990,1335.0,TE VERDE CON MENTA
991,1335.0,MEZCLA PARA HIERBAS FINAS
992,1335.0,TREBOL ROJO
993,1335.0,HISOPO
994,1335.0,TILO
995,1335.0,CHIA
996,1335.0,LIMON CASCARA
997,1335.0,NARANJA AMARGA
998,1335.0,HOJA
999,1335.0,CASCARA
1000,1335.0,FLOR
1001,1335.0,NARANJA DULCE CASCARA
1002,1335.0,FLOR
1003,1335.0,POMELO CASCARA
1004,1335.0,SEMILLA
1005,1335.0,HOJA DE PARRA
1006,1335.0,LEMON GRAS
1007,1335.0,STEVIA
1008,1335.0,MANDIOCA
1009,1336.0,CORTES DE CARNE VACUNA CONGELADA
1010,1336.0,CORTES DE CARNE VACUNA ENFRIADA
1011,1337.0,CEREALES
1012,1337.0,OLEAGINOSAS
1013,1338.0,MIEL
1014,1339.0,PRODUCTOS ORGANICOS DE ORIGEN ANIMAL
1015,1339.0,VEGETAL
1016,1340.0,CEREALES
1017,1340.0,OLEAGINOSAS
1018,1341.0,CEREALES
1019,1341.0,OLEAGINOSAS
1020,1341.0,OTROS PRODUCTOS ORGANICOS
1021,127.0,UVA
1022,127.0,INCULTO
1023,127.0,PASAS DE UVA
1024,128.0,OLIVOS
1025,129.0,MAIZ
1026,129.0,POROTO
1027,129.0,AMARANTO
1028,130.0,MAIZ
1029,130.0,GARBANZO
1030,130.0,POROTO
1031,131.0,OLIVOS
1032,132.0,CHIA SALVIA HISPANICA L
1033,133.0,VID
1034,134.0,OLIVOS
1035,135.0,GERANIO
1036,135.0,PASTO LIMON
1037,135.0,OREGANO
1038,1042.0,VINO
1039,1043.0,ACEITE DE OLIVA
1040,1044.0,ACEITE DE OLIVA
1041,1045.0,ACEITE ESENCIAL DE GERANIO
1042,1045.0,ACEITE ESENCIAL DE OREGANO
1043,1045.0,ACEITE ESENCIAL DE LEMONGRASS
1044,1046.0,ACEITE DE OLIVA
1045,1342.0,ACEITE DE OLIVA
1046,136.0,CEREALES
1047,136.0,OLEAGINOSAS
1048,136.0,LEGUMINOSAS
1049,137.0,GARBANZO
1050,137.0,GIRASOL
1051,137.0,MAIZ
1052,137.0,TRIGO
1053,137.0,MANI
1054,137.0,POROTO
1055,137.0,CHIA
1056,137.0,AMARANTO
1057,137.0,SESAMO
1058,137.0,ARVEJA
1059,138.0,ACELGA
1060,138.0,ESPINACA
1061,138.0,LERCHUGA GALLEGA
1062,138.0,LECHUGA MANTECOSA
1063,138.0,LECHUGA CRESPA
1064,138.0,PEREJIL
1065,138.0,RABANITO
1066,138.0,ESCAROLA FINA
1067,138.0,ZANAHORIA
1068,138.0,ROMERO
1069,138.0,CEBOLLA DE VERDEO
1070,138.0,RUCULA
1071,138.0,CIRUELAS
1072,138.0,DURAZNOS
1073,139.0,TRIGO
1074,139.0,MAIZ
1075,139.0,SOJA
1076,139.0,ALFALFA
1077,139.0,CENTENO
1078,139.0,GANADERIA BOVINA
1079,140.0,MIEL
1080,140.0,SUBPRODUCTOS DE LA COLMENA
1081,141.0,MAIZ
1082,141.0,TRIGO
1083,141.0,SOJA
1084,142.0,TOMILLO
1085,142.0,SALVIA
1086,142.0,OREGANO
1087,142.0,PEREJIL
1088,142.0,PUERRO
1089,142.0,CEBOLLA
1090,142.0,ZANAHORIA
1091,142.0,LECHUGA
1092,142.0,ACELGA
1093,142.0,ZAPALLITO
1094,142.0,REMOLACHA
1095,142.0,CHOCLO
1096,142.0,ZUCCINI
1097,142.0,ESPINACA
1098,142.0,RABANITO
1099,142.0,CHAUCHA
1100,142.0,RUCULA
1101,142.0,CILANTRO
1102,142.0,NABO
1103,142.0,PEPINO
1104,142.0,APIO
1105,142.0,MELON
1106,142.0,ZAPALLO
1107,142.0,ROMERO
1108,142.0,ESPARRAGOS
1109,143.0,CEBADA
1110,143.0,ALFALFA
1111,143.0,VICIA
1112,143.0,RABANITO
1113,143.0,NABO
1114,143.0,REMOLACHA
1115,143.0,RUCULA
1116,143.0,LECHUGA
1117,143.0,PUERRO
1118,143.0,CEBOLLA
1119,144.0,ACEITUNAS
1120,144.0,OLIVO
1121,144.0,MELON
1122,144.0,TOMATE
1123,144.0,ZAPALLO
1124,144.0,CEBOLLA
1125,144.0,ZANAHORIA
1126,144.0,MANZANILLA
1127,144.0,PAPA
1128,144.0,REMOLACHA
1129,144.0,ACELGA
1130,144.0,ESPINACA
1131,144.0,PIMIENTO
1132,144.0,LECHUGA
1133,144.0,PEREJIL
1134,145.0,TERNEROS
1135,145.0,VACAS
1136,145.0,VAQUILLONAS
1137,145.0,TOROS
1138,146.0,CEREALES
1139,146.0,OLEAGINOSAS
1140,147.0,GARBANZO
1141,147.0,GIRASOL
1142,147.0,MAIZ
1143,147.0,TRIGO
1144,147.0,MANI
1145,147.0,POROTO
1146,147.0,CHIA
1147,147.0,AMARANTO
1148,147.0,SESAMO
1149,147.0,ARVEJAS
1150,147.0,OLIVAS
1151,147.0,OTROS
1152,148.0,NUCLEOS
1153,148.0,COLMENAS
1154,148.0,ALZA MELARIA
1155,149.0,AROMATICAS
1156,1047.0,MANI
1157,1048.0,MANI
1158,1049.0,ESPARRAGOS
1159,1050.0,MANI
1160,1051.0,MANI
1161,1051.0,MANI CONFITERIA
1162,1051.0,MANI FRITO SALADO
1163,1051.0,MANI TOSTADO
1164,1051.0,PASTA DE MANI
1165,1051.0,HARINA DE MANI
1166,1051.0,ACEITE DE MANI
1167,1052.0,MANI
1168,1053.0,ACEITUNAS
1169,1053.0,ACEITE DE OLIVA
1170,1054.0,SOJA
1171,1054.0,MANI
1172,1054.0,ACEITE DE SOJA
1173,1054.0,ACEITE DE MANI
1174,1054.0,EXPELLER DE SOJA
1175,1054.0,HARINA DE MANI
1176,1055.0,MANI
1177,1055.0,SOJA
1178,1056.0,MANI
1179,1056.0,SOJA
1180,1057.0,MIEL
1181,1057.0,CERA
1182,1343.0,COMERCIALIZACION DE CEREALES
1183,1343.0,OLEAGINOSAS
1184,1344.0,MIEL
1185,1344.0,SUBPRODUCTOS DE LA COLMENA
1186,1345.0,MANI
1187,1345.0,MANI CONFITERIA
1188,1345.0,MANI FRITO SALADO
1189,1345.0,MANI TOSTADO
1190,1345.0,ACEITE DE MANI
1191,1345.0,PASTA DE MANI
1192,1345.0,HARINA DE MANI
1193,1346.0,MANI
1194,1347.0,ESPARRAGO
1195,1347.0,MIEL
1196,1347.0,VINO
1197,1347.0,DULCE
1198,1348.0,MANI
1199,1348.0,MANI CONFITERIA
1200,1348.0,MANI FRITO SALADO
1201,1348.0,MANI TOSTADO
1202,1348.0,ACEITE DE MANI
1203,1348.0,HARINA DE MANI
1204,1349.0,MANI
1205,1350.0,COMERCIALIZACION DE MANI
1206,1350.0,SUS DERIVADOS
1207,1351.0,MANI
1208,1351.0,MANI CONFITERIA
1209,1351.0,MANI FRITO SALADO
1210,1351.0,MANI TOSTADO
1211,1351.0,ACEITE DE MANI
1212,1351.0,HARINA DE MANI
1213,1351.0,PASTA DE MANI
1214,1352.0,MANI
1215,1353.0,MANI
1216,1354.0,MANI
1217,1354.0,SOJA
1218,1355.0,CEREALES
1219,1355.0,OLEAGINOSAS
1220,150.0,MANDARINA
1221,150.0,NARANJA
1222,151.0,LIMON
1223,152.0,INCULTO
1224,152.0,ARROZ
1225,153.0,ARROZ
1226,154.0,ARROZ
1227,155.0,ARROZ
1228,155.0,CAMPO NATURAL
1229,156.0,INCULTO
1230,156.0,DESCANSO
1231,156.0,ARROZ
1232,156.0,MONTE
1233,157.0,LIMON
1234,1058.0,YERBA MATE
1235,1058.0,YERBA MATE SABORIZADA
1236,1059.0,ARROZ
1237,1060.0,ARROZ
1238,1061.0,JUGO CONCENTRADO CONGELADO DE NARANJA
1239,1061.0,JUGO CONCENTRADO CONGELADO DE MANDARINA
1240,1061.0,JUGO CONCENTRADO CONGELADO DE POMELO
1241,1061.0,JUGO CONCENTRADO CONGELADO DE LIMON
1242,1061.0,JUGO PASTEURIZADO CONGELADO DE NARANJA
1243,1061.0,JUGO PASTEURIZADO CONGELADO DE MANDARINA
1244,1061.0,JUGO PASTEURIZADO CONGELADO DE POMELO
1245,1061.0,JUGO PASTEURIZADO CONGELADO DE LIMON
1246,1061.0,ACEITE ESENCIAL DE NARANJA
1247,1061.0,ACEITE ESENCIAL DE MANDARINA
1248,1061.0,ACEITE ESENCIAL DE POMELO
1249,1061.0,ACEITE ESENCIAL DE LIMON
1250,1061.0,SEMILLAS DE LIMON
1251,1061.0,SEMILLAS DE POMELO
1252,158.0,ZAPALLO
1253,158.0,DESCANSO
1254,158.0,INCULTO
1255,159.0,ZAPALLO
1256,159.0,CAMPO NATURAL
1257,160.0,ALZA MELARIA
1258,160.0,COLMENAS
1259,160.0,NUCLEOS
1260,161.0,ARROZ
1261,161.0,INCULTO
1262,162.0,POMELO
1263,163.0,MIEL
1264,163.0,SUBPRODUCTOS DE LA COLMENA
1265,164.0,MIEL
1266,164.0,SUBPRODUCTOS DE LA COLMENA
1267,165.0,MIEL
1268,165.0,SUBPRODUCTOS DE LA COLMENA
1269,166.0,ARROZ
1270,167.0,NUCLEOS
1271,167.0,COLMENAS
1272,167.0,ALZA MELARIA
1273,167.0,CERA
1274,168.0,MIEL
1275,168.0,SUBPRODUCTOS DE LA COLMENA
1276,169.0,MIEL
1277,169.0,SUBPRODUCTOS DE LA COLMENA
1278,1062.0,MIEL
1279,1063.0,MIEL
1280,1063.0,CERA
1281,170.0,VACAS
1282,170.0,TOROS
1283,171.0,OVEJAS
1284,171.0,LANA SUCIA
1285,171.0,CAPONES
1286,171.0,BORREGAS
1287,171.0,BORREGOS
1288,171.0,CARNEROS
1289,172.0,LANA SUCIA
1290,172.0,CAPONES
1291,172.0,OVEJAS
1292,172.0,CARNEROS
1293,173.0,LANA SUCIA
1294,173.0,GUANACOS
1295,174.0,LANA SUCIA
1296,174.0,CARNEROS
1297,174.0,BORREGAS
1298,174.0,OVEJAS
1299,174.0,CAPONES
1300,174.0,BORREGOS
1301,175.0,TERNEROS
1302,175.0,NOVILLOS
1303,175.0,TOROS
1304,175.0,VACAS
1305,175.0,VAQUILLONAS
1306,176.0,GANADERIA BOVINA
1307,176.0,GANADERIA OVINA CARNE
1308,176.0,LANA
1309,177.0,ROSA MOSQUETA
1310,178.0,CASSIS
1311,178.0,FRAMBUESA
1312,178.0,MORA
1313,178.0,GROSELLA
1314,179.0,CASSIS
1315,179.0,FRAMBUESA
1316,179.0,MORA
1317,180.0,LANA SUCIA
1318,180.0,OVEJAS
1319,180.0,BORREGAS
1320,180.0,CORDEROS
1321,180.0,CAPONES
1322,180.0,CARNEROS
1323,181.0,VACAS
1324,181.0,VAQUILLONAS
1325,181.0,TOROS
1326,181.0,TERNEROS
1327,182.0,OVEJAS
1328,182.0,LANA SUCIA
1329,182.0,BORREGOS
1330,182.0,BORREGAS
1331,182.0,CARNEROS
1332,182.0,CAPONES
1333,183.0,LANA SUCIA
1334,183.0,OVEJAS
1335,183.0,BORREGOS
1336,183.0,CAPONES
1337,183.0,CARNEROS
1338,184.0,OVEJAS
1339,184.0,LANA SUCIA
1340,184.0,BORREGOS
1341,184.0,BORREGAS
1342,184.0,CAPONES
1343,185.0,OVEJAS
1344,185.0,CAPONES
1345,185.0,CARNEROS
1346,185.0,CORDEROS
1347,186.0,TOROS
1348,186.0,VACAS
1349,186.0,TERNEROS
1350,186.0,TERNERAS
1351,187.0,LANA SUCIA
1352,187.0,OVEJAS
1353,187.0,BORREGAS
1354,187.0,CAPONES
1355,187.0,BORREGOS
1356,187.0,CARNEROS
1357,188.0,LANA SUCIA
1358,188.0,OVEJAS
1359,188.0,CAPONES
1360,188.0,BORREGOS
1361,188.0,BORREGAS
1362,188.0,CARNEROS
1363,189.0,GUANACOS
1364,190.0,PARAMELA
1365,191.0,VAQUILLONAS
1366,191.0,VACAS
1367,191.0,TOROS
1368,191.0,TERNEROS
1369,192.0,VACAS
1370,192.0,VAQUILLONAS
1371,192.0,TERNERAS
1372,192.0,NOVILLOS
1373,192.0,TOROS
1374,193.0,OVEJAS
1375,193.0,BORREGAS
1376,193.0,CORDEROS
1377,193.0,CAPONES
1378,193.0,CARNEROS
1379,194.0,OVEJAS
1380,194.0,LANA SUCIA
1381,194.0,BORREGAS
1382,194.0,BORREGOS
1383,194.0,CAPONES
1384,194.0,CARNEROS
1385,195.0,LANA SUCIA
1386,195.0,CARNEROS
1387,195.0,BORREGAS
1388,195.0,CAPONES
1389,195.0,BORREGOS
1390,195.0,OVEJAS
1391,196.0,CASSIS
1392,196.0,FRAMBUESA
1393,196.0,MORA
1394,196.0,GROSELLA
1395,196.0,SAUCO
1396,197.0,FRAMBUESA
1397,197.0,BOYSENBERRY
1398,197.0,CASSIS
1399,197.0,MORA
1400,197.0,GUINDA
1401,197.0,SAUCO
1402,197.0,AVELLANO
1403,197.0,CORINTO
1404,198.0,CARNEROS
1405,198.0,OVEJAS
1406,198.0,CAPONES
1407,198.0,CORDEROS
1408,199.0,VACAS
1409,200.0,MONTE
1410,200.0,FRUTILLA
1411,200.0,FRAMBUESA
1412,200.0,GROSELLA
1413,200.0,CORINTO
1414,200.0,SAUCO
1415,200.0,CEREZA
1416,200.0,CAMPO NATURAL
1417,200.0,GUINDAS
1418,200.0,CASSIS
1419,200.0,ZARZAMORA
1420,200.0,ARANDANO
1421,201.0,CAPONES
1422,202.0,CARNEROS
1423,202.0,LANA SUCIA
1424,202.0,CAPONES
1425,202.0,OVEJAS
1426,202.0,BORREGAS
1427,202.0,BORREGOS
1428,202.0,CORDEROS
1429,203.0,LANA SUCIA
1430,203.0,OVEJAS
1431,203.0,CAPONES
1432,203.0,CARNEROS
1433,203.0,BORREGOS
1434,204.0,ROSA MOSQUETA
1435,204.0,MORILLAS
1436,204.0,HIPERICOM
1437,205.0,FRAMBUESA
1438,205.0,FRUTILLA
1439,205.0,ROSA MOSQUETA
1440,206.0,OVEJAS
1441,206.0,LANA SUCIA
1442,206.0,CAPONES
1443,206.0,CARNEROS
1444,206.0,BORREGAS
1445,206.0,BORREGOS
1446,207.0,ALGAS MARINAS
1447,208.0,VACAS
1448,208.0,VAQUILLONAS
1449,208.0,NOVILLOS
1450,208.0,TERNEROS
1451,208.0,TERNERAS
1452,208.0,TOROS
1453,209.0,OVEJAS
1454,209.0,LANA SUCIA
1455,209.0,BORREGAS
1456,209.0,CAPONES
1457,209.0,CARNEROS
1458,210.0,OVEJAS
1459,210.0,BORREGAS
1460,210.0,BORREGOS
1461,210.0,CAPONES
1462,210.0,CARNEROS
1463,211.0,LANA SUCIA
1464,211.0,OVEJAS
1465,211.0,CAPONES
1466,211.0,CARNEROS
1467,211.0,BORREGOS
1468,211.0,BORREGAS
1469,1064.0,ROSA MOSQUETA
1470,1064.0,CASCARILLA DE ROSA MOSQUETA
1471,1064.0,ACEITE DE ROSA MOSQUETA
1472,1065.0,CONFITURAS
1473,1065.0,FRUTAS AL NATURAL FRAMBUESAS
1474,1065.0,FRUTILLAS
1475,1065.0,CASSIS
1476,1065.0,SAUCO
1477,1065.0,CEREZAS
1478,1065.0,ROSA MOSQUETA
1479,1065.0,MORA
1480,1065.0,ARANDANOS
1481,1065.0,FRUTOS DEL BOSQUE
1482,1066.0,LANA SUCIA
1483,1067.0,BLOUSSE PUNCHAS
1484,1067.0,LANA PEINADA
1485,1067.0,LANA LAVADA
1486,1068.0,ACEITE DE PARAMELA
1487,1069.0,LANA SUCIA
1488,1069.0,LANA LAVADA
1489,1069.0,TOPS DE LANA
1490,1070.0,TOPS DE LANA
1491,1070.0,LANA LAVADA
1492,1071.0,ELAB ACEITE ROSA MOSQUETA
1493,1072.0,ELAB ACEITE ROSA MOSQUETA
1494,1073.0,ALGAS MARINAS
1495,1073.0,EXTRACTO DE ALGAS LIOFILIZADO
1496,1074.0,EXTRACTO DE ALGAS LIOFILIZADO
1497,1075.0,LANA SUCIA
1498,1356.0,LANA SUCIA
1499,1356.0,LANA PEINADA
1500,212.0,GIRASOL AO
1501,212.0,SORGO BLANCO
1502,212.0,MIJO
1503,212.0,MAIZ PISINGALLO
1504,212.0,LINO DORADO
1505,213.0,MIEL
1506,213.0,EXTRACCION DE MIEL
1507,213.0,ESTAMPADO DE CERA
1508,214.0,INCULTO
1509,214.0,CAMPO NATURAL
1510,214.0,MONTE
1511,214.0,STEVIA
1512,215.0,NARANJA
1513,215.0,LIMON
1514,215.0,MANDARINA
1515,215.0,POMELO
1516,216.0,MAIZ
1517,216.0,LINO
1518,217.0,CEREALES
1519,217.0,OLEAGINOSAS
1520,218.0,LIMON
1521,218.0,NARANJA
1522,219.0,LINO
1523,219.0,CEBADA
1524,219.0,CENTENO
1525,219.0,TRITICALE
1526,219.0,SOJA
1527,219.0,MAIZ
1528,219.0,MOSTAZA
1529,220.0,ARANDANOS
1530,221.0,CAMPO NATURAL
1531,221.0,MAIZ PISINGALLO
1532,221.0,GIRASOL CONFITERO
1533,222.0,ARROZ
1534,223.0,NUEZ PECAN
1535,223.0,STEVIA
1536,223.0,FRUTALES
1537,224.0,ARROZ
1538,225.0,ARROZ
1539,226.0,LINO DORADO
1540,227.0,LINO DORADO
1541,228.0,LINO MARRON
1542,229.0,LINO MARRON
1543,230.0,LINO MARRON
1544,230.0,LINO DORADO
1545,231.0,CORIANDRO
1546,232.0,LIMON
1547,232.0,NARANJA
1548,233.0,NARANJA
1549,234.0,TRIGO
1550,234.0,SOJA
1551,235.0,SOJA
1552,235.0,MAIZ
1553,236.0,ARROZ
1554,237.0,SORGO
1555,237.0,TRIGO
1556,237.0,ARROZ
1557,238.0,SORGO
1558,239.0,SORGO
1559,240.0,CAMPO NATURAL
1560,241.0,CAMPO NATURAL
1561,242.0,CAMPO NATURAL
1562,243.0,CAMPO NATURAL
1563,244.0,CAMPO NATURAL
1564,245.0,LINO
1565,245.0,ARROZ
1566,246.0,VACAS
1567,246.0,VAQUILLONAS
1568,246.0,TERNERAS
1569,246.0,TOROS
1570,246.0,TERNEROS
1571,246.0,NOVILLOS
1572,247.0,NARANJA
1573,247.0,MANDARINA
1574,247.0,LIMON
1575,247.0,DURAZNO
1576,247.0,CIRUELA
1577,247.0,MAIZ
1578,247.0,TOMATE
1579,247.0,POMELO
1580,248.0,AGRICULTURA
1581,249.0,NUEZ PECAN
1582,1076.0,MIEL
1583,1076.0,EXTRACCION DE MIEL
1584,1076.0,ESTAMPADO DE CERA
1585,1077.0,MIEL
1586,1078.0,ARROZ
1587,1079.0,ARROZ BLANCO PULIDO
1588,1080.0,JUGO CONCENTRADO CONGELADO DE LIMON
1589,1080.0,JUGO CONCENTRADO CONGELADO DE MANDARINA
1590,1080.0,JUGO CONCENTRADO CONGELADO DE NARANJA
1591,1080.0,JUGO CONCENTRADO CONGELADO DE POMELO
1592,1080.0,JUGO PASTEURIZADO CONGELADO DE LIMON
1593,1080.0,JUGO PASTEURIZADO CONGELADO DE MANDARINA
1594,1080.0,JUGO PASTEURIZADO CONGELADO DE NARANJA
1595,1080.0,JUGO PASTEURIZADO CONGELADO DE POMELO
1596,1080.0,ACEITE ESENCIAL DE LIMON
1597,1080.0,ACEITE ESENCIAL DE MANDARINA
1598,1080.0,ACEITE ESENCIAL DE NARANJA
1599,1080.0,ACEITE ESENCIAL DE POMELO
1600,1080.0,FASE OLEOSA DE LIMON
1601,1080.0,FASE OLEOSA DE MANDARINA
1602,1080.0,FASE OLEOSA DE NARANJA
1603,1080.0,FASE OLEOSA DE POMELO
1604,1081.0,ARROZ INTEGRAL
1605,1081.0,BLANCO PULIDO
1606,1081.0,PARTIDO
1607,1081.0,ACOPIO DE MAIZ
1608,1081.0,SORGO
1609,1081.0,MIJO
1610,1081.0,LINO
1611,1082.0,CHIA
1612,1082.0,TRIGO
1613,1082.0,LINO
1614,1082.0,ARROZ
1615,1082.0,SORGO
1616,1083.0,SORGO
1617,1083.0,GIRASOL
1618,1083.0,MIJO
1619,1083.0,LINO
1620,1083.0,ARROZ
1621,1083.0,TRIGO
1622,1083.0,HARINA
1623,1083.0,SEMOLA DE ARROZ
1624,1084.0,ARROZ
1625,1085.0,MANDARINA
1626,1085.0,LIMON
1627,1085.0,NARANJA
1628,1085.0,DURAZNO
1629,1085.0,CIRUELA
1630,1085.0,AJO
1631,1085.0,POMELO
1632,1085.0,SANDIA
1633,1085.0,ZAPALLO
1634,1086.0,ACEITE ESENCIAL DE LIMON
1635,1086.0,JUGO CONCENTRADO DE LIMON
1636,1086.0,PULPA CONGELADA DE LIMON
1637,1086.0,ACEITE DE MANDARINA
1638,1086.0,JUGO CONCENTRADO DE MANDARINA
1639,1086.0,ACEITE ESENCIAL DE POMELO
1640,1086.0,ACEITE ESENCIAL DE NARANJA
1641,1086.0,JUGO CONCENTRADO DE NARANJA
1642,1086.0,PULPA CONGELADA DE NARANJA
1643,1086.0,JUGO CONCENTRADO CONGELADO DE POMELO
1644,1086.0,PULPA CONGELADA DE POMELO
1645,1086.0,PULPA CONCENTRADA DE MANDARINA
1646,1357.0,PROCESAMIENTO ACONDICIONAMIENTO DE CEREALES
1647,1357.0,OLEAGINOSAS
1648,1358.0,ARROZ INTEGRAL
1649,1358.0,PULIDO
1650,1358.0,LINO
1651,1358.0,MIJO
1652,1358.0,SORGO
1653,1358.0,MAIZ
1654,1358.0,AZUCAR
1655,1358.0,CENTENO
1656,250.0,ALOE VERA
1657,250.0,PASTIZAL NATURAL
1658,250.0,INCULTO
1659,251.0,BANANO
1660,251.0,MANGO
1661,251.0,FRUTAS TROPICALES
1662,252.0,POMELO
1663,252.0,INCULTO
1664,253.0,CAÑA DE AZUCAR
1665,253.0,DESCANSO
1666,254.0,CAÑA DE AZUCAR
1667,255.0,CAMPO NATURAL
1668,255.0,ALFALFA
1669,256.0,CHIA SALVIA HISPANICA L
1670,256.0,CAMPO NATURAL
1671,257.0,CAÑA DE AZUCAR
1672,257.0,MAIZ PISINGALLO
1673,257.0,MAIZ
1674,257.0,POROTO COLORADO
1675,257.0,POROTO NEGRO
1676,258.0,ALZA MELARIA
1677,259.0,CAÑA DE AZUCAR
1678,259.0,INCULTO
1679,260.0,CHIA SALVIA HISPANICA L
1680,260.0,MONTE
1681,261.0,CAÑA DE AZUCAR
1682,262.0,CAÑA DE AZUCAR
1683,263.0,TRIGO
1684,264.0,CAÑA DE AZUCAR
1685,264.0,MONTE
1686,265.0,CAÑA DE AZUCAR
1687,265.0,INCULTO
1688,266.0,CAÑA DE AZUCAR
1689,267.0,CAÑA DE AZUCAR
1690,267.0,INCULTO
1691,268.0,CAÑA DE AZUCAR
1692,268.0,MONTE
1693,268.0,CAMPO NATURAL
1694,269.0,CAÑA DE AZUCAR
1695,269.0,FORESTALES
1696,269.0,INCULTO
1697,270.0,SESAMO
1698,270.0,POROTO NEGRO
1699,270.0,MONTE
1700,270.0,POROTO COLORADO
1701,270.0,CHIA SALVIA HISPANICA L
1702,1087.0,AZUCAR DE CAÑA
1703,1088.0,AZUCAR DE CAÑA
1704,1089.0,CHIA
1705,271.0,GIRASOL
1706,271.0,POROTO MUNG
1707,272.0,COLMENAS
1708,272.0,NUCLEOS
1709,272.0,ALZA MELARIA
1710,273.0,ALZA MELARIA
1711,273.0,COLMENAS
1712,273.0,NUCLEOS
1713,274.0,VID
1714,274.0,OLIVOS
1715,275.0,VID
1716,275.0,OLIVOS
1717,276.0,VID
1718,276.0,OLIVOS
1719,277.0,JOJOBA
1720,278.0,JOJOBA
1721,279.0,MONTE
1722,279.0,OLIVO
1723,279.0,GRANADO
1724,279.0,ALGARROBO
1725,279.0,LAUREL
1726,280.0,VID
1727,281.0,VID
1728,281.0,OLIVOS
1729,282.0,VID
1730,282.0,OLIVOS
1731,283.0,VID
1732,283.0,NOGALES
1733,284.0,VID
1734,284.0,OLIVOS
1735,285.0,OLIVOS
1736,286.0,VID
1737,286.0,OLIVOS
1738,287.0,OLIVOS
1739,288.0,PASAS DE UVA
1740,289.0,VID
1741,289.0,OLIVOS
1742,290.0,JOJOBA
1743,291.0,VID
1744,292.0,VD
1745,292.0,OLIVOS
1746,293.0,VID
1747,294.0,VID
1748,294.0,OLIVOS
1749,295.0,VID
1750,295.0,OLIVOS
1751,296.0,OLIVO
1752,296.0,PEREJIL
1753,296.0,AJI
1754,296.0,ACEITUNAS
1755,296.0,INCULTO
1756,297.0,VID
1757,298.0,VID
1758,298.0,OLIVOS
1759,299.0,NOGALES
1760,299.0,CASTAÑA
1761,300.0,OLIVOS
1762,300.0,VID
1763,300.0,MELON
1764,300.0,SANDIA
1765,300.0,TOMATE
1766,300.0,MAIZ
1767,300.0,ZAPALLO
1768,300.0,BATATA
1769,301.0,VID
1770,301.0,OLIVOS
1771,302.0,OLIVOS
1772,303.0,OLIVOS
1773,304.0,VID
1774,304.0,OLIVOS
1775,305.0,VID
1776,306.0,JOJOBA
1777,307.0,VID
1778,1090.0,SEMILLA DE JOJOBA
1779,1090.0,ACEITE DE JOJOBA
1780,1091.0,ACEITUNAS
1781,1092.0,ACEITE DE OLIVA
1782,1093.0,VINO
1783,1093.0,ACEITE DE OLIVA
1784,1094.0,ACEITE DE OLIVA
1785,1095.0,ACEITE DE JOJOBA
1786,1096.0,UVA PASA
1787,1097.0,ACEITE DE JOJOBA
1788,1097.0,ACEITE DE CHIA
1789,1098.0,ACEITE DE OLIVA
1790,1098.0,ACEITE DE OLIVA SABORIZADO
1791,1099.0,PASAS DE UVA
1792,1100.0,UVA PASA
1793,1101.0,UVA PASA
1794,1102.0,UVA PASA
1795,1103.0,OLIVA
1796,1104.0,VINO
1797,1359.0,ACEITE DE OLIVA
1798,308.0,ESPARRAGOS
1799,308.0,AJO
1800,308.0,ABONO VERDE
1801,309.0,VID
1802,310.0,DESCANSO
1803,311.0,UVAS
1804,312.0,MANZANA
1805,312.0,ZAPALLO
1806,312.0,ZANAHORIA
1807,312.0,CEBOLLA
1808,312.0,ECHALOTTE
1809,312.0,INCULTO
1810,312.0,ZAPALLO ANCO
1811,312.0,AJO
1812,312.0,DESCANSO
1813,312.0,BROCOLI
1814,312.0,CAMPO NATURAL
1815,313.0,VID
1816,314.0,VID
1817,315.0,VID
1818,315.0,INCULTO
1819,315.0,ALFALFA
1820,316.0,UVAS
1821,317.0,UVAS
1822,318.0,DESCANSO
1823,318.0,ZAPALLO
1824,318.0,AJO
1825,318.0,INCULTO
1826,319.0,DESCANSO
1827,319.0,AJO
1828,319.0,INCULTO
1829,319.0,CAMPO NATURAL
1830,319.0,ZAPALLO
1831,320.0,INCULTO
1832,320.0,NUEZ PECAN
1833,320.0,HIGOS
1834,320.0,VID
1835,320.0,OLIVO
1836,320.0,CIRUELA
1837,320.0,CEREZA
1838,320.0,PERA
1839,320.0,MANZANA
1840,320.0,DURAZNO
1841,320.0,DAMASCO
1842,321.0,VID
1843,322.0,VID
1844,322.0,DAMASCO
1845,322.0,CIRUELA
1846,322.0,INCULTO
1847,322.0,OLIVO
1848,322.0,DURAZNO
1849,322.0,CAMPO NATURAL
1850,323.0,DESCANSO
1851,323.0,AJO
1852,323.0,INCULTO
1853,324.0,VID
1854,325.0,UVAS
1855,326.0,VID
1856,327.0,VID
1857,328.0,VID
1858,329.0,UVAS
1859,330.0,UVAS
1860,331.0,UVAS
1861,332.0,UVAS
1862,333.0,UVAS
1863,334.0,VID
1864,335.0,VID
1865,335.0,INCULTO
1866,336.0,VID
1867,336.0,INCULTO
1868,337.0,INCULTO
1869,337.0,ABONO VERDE
1870,337.0,CAMPO NATURAL
1871,338.0,VID
1872,339.0,VID
1873,340.0,CAÑA DE CASTILLA
1874,341.0,CAÑA DE CASTILLA
1875,342.0,CAÑA DE CASTILLA
1876,343.0,CAÑA DE CASTILLA
1877,344.0,UVAS
1878,345.0,VID
1879,345.0,OLIVOS
1880,346.0,VID
1881,346.0,OLIVOS
1882,347.0,AJO
1883,347.0,ZAPALLO
1884,348.0,UVAS
1885,348.0,ACEITUNAS
1886,349.0,INCULTO
1887,349.0,ZAPALLO
1888,349.0,ABONO VERDE
1889,349.0,AJO
1890,349.0,DESCANSO
1891,349.0,CEBOLLA
1892,349.0,PAPA
1893,350.0,INCULTO
1894,350.0,CIRUELA
1895,350.0,ZAPALLO
1896,350.0,OLIVO
1897,350.0,TOMATE
1898,351.0,VID
1899,352.0,VID
1900,353.0,VID
1901,354.0,HORTALIZAS
1902,355.0,VID
1903,356.0,UVAS
1904,357.0,UVAS
1905,358.0,UVAS
1906,359.0,VID
1907,360.0,DAMASCO
1908,360.0,UVA DE MESA
1909,360.0,INCULTO
1910,361.0,VID
1911,361.0,INCULTO
1912,362.0,CENTENO
1913,362.0,PASTIZAL NATURAL
1914,363.0,VID
1915,364.0,VID
1916,365.0,VID
1917,366.0,ACEITUNAS
1918,367.0,UVAS
1919,368.0,UVAS
1920,369.0,CIRUELA
1921,369.0,ACEITUNAS
1922,369.0,FORESTALES
1923,369.0,CAMPO NATURAL
1924,370.0,VID
1925,371.0,VID
1926,372.0,VID
1927,372.0,DAMASCO
1928,373.0,VID
1929,373.0,CAMPO NATURAL
1930,374.0,ZAPALLO
1931,374.0,DESCANSO
1932,374.0,ZANAHORIA
1933,375.0,UVAS
1934,376.0,UVAS PARA VINIFICAR
1935,377.0,UVAS PARA VINIFICAR
1936,378.0,NOGAL
1937,378.0,MONTE
1938,378.0,INCULTO
1939,379.0,VID
1940,380.0,VID
1941,381.0,CIRUELAS
1942,381.0,ACEITUNAS
1943,381.0,UVAS
1944,382.0,VID
1945,382.0,NUEZ
1946,383.0,ACEITUNAS
1947,383.0,UVAS
1948,384.0,ACEITUNAS
1949,384.0,CIRUELAS
1950,384.0,DAMASCOS
1951,384.0,NUECES
1952,385.0,VID
1953,386.0,VID
1954,387.0,CIRUELA
1955,387.0,INCULTO
1956,387.0,DURAZNO
1957,387.0,VID
1958,387.0,OLIVO
1959,387.0,CAMPO NATURAL
1960,388.0,VID
1961,389.0,VID
1962,389.0,INCULTO
1963,389.0,CAMPO NATURAL
1964,390.0,UVAS
1965,391.0,UVAS PARA VINIFICAR
1966,392.0,UVAS PARA VINIFICAR
1967,393.0,UVAS PARA VINIFICAR
1968,394.0,UVAS
1969,395.0,VID
1970,396.0,MIEL
1971,397.0,VID
1972,397.0,OLIVOS
1973,398.0,VID
1974,398.0,NOGAL
1975,398.0,INCULTO
1976,399.0,VID
1977,400.0,OLIVOS
1978,400.0,DAMASCO
1979,400.0,CIRUELA
1980,401.0,VID
1981,401.0,OLIVOS
1982,402.0,INCULTO
1983,402.0,OLIVO
1984,402.0,VID
1985,403.0,VID
1986,403.0,OLIVOS
1987,404.0,UVAS
1988,405.0,UVAS
1989,406.0,UVAS
1990,407.0,UVAS
1991,408.0,ABONO VERDE
1992,408.0,AJO
1993,409.0,AJO
1994,409.0,ABONO VERDE
1995,410.0,UVAS
1996,410.0,AROMATICAS
1997,411.0,ESPARRAGO
1998,412.0,VID
1999,412.0,NOGAL
2000,412.0,INCULTO
2001,412.0,OLIVO
2002,412.0,ALFALFA
2003,413.0,VID
2004,414.0,CIRUELA
2005,414.0,INCULTO
2006,414.0,CIRUELA DESECADA
2007,415.0,AJO
2008,415.0,CEBOLLA
2009,415.0,CAMPO NATURAL
2010,415.0,INCULTO
2011,416.0,UVAS PARA VINIFICAR
2012,416.0,UVAS FRESCAS MESA
2013,417.0,VID
2014,417.0,ACEITUNAS
2015,417.0,INCULTO
2016,418.0,CIRUELAS
2017,418.0,UVAS
2018,418.0,ACEITUNAS
2019,419.0,VID
2020,419.0,INCULTO
2021,419.0,MEMBRILLO
2022,420.0,CEREZA
2023,421.0,ZAPALLO
2024,421.0,CHOCLO
2025,422.0,UVAS PARA VINIFICAR
2026,423.0,VID
2027,423.0,INCULTO
2028,424.0,UVAS
2029,425.0,UVAS
2030,426.0,UVAS
2031,427.0,VID
2032,428.0,VID
2033,429.0,VID
2034,430.0,VID
2035,431.0,OLIVO
2036,432.0,CIRUELA
2037,432.0,VID
2038,432.0,INCULTO
2039,432.0,CAMPO NATURAL
2040,433.0,VID
2041,434.0,VID
2042,435.0,VID
2043,436.0,VID
2044,436.0,OLIVOS
2045,437.0,VID
2046,438.0,VINO
2047,438.0,UVAS
2048,438.0,ACEITUNAS
2049,1105.0,PULPA DE MANZANA
2050,1105.0,PURE DE MANZANA
2051,1105.0,PULPA DE PERA
2052,1105.0,PURE DE PERA
2053,1106.0,VINO
2054,1107.0,MANZANA
2055,1108.0,AJO
2056,1108.0,ZAPALLO
2057,1109.0,PULPA DE PERA
2058,1109.0,PULPA CONCENTRADA DE PERA
2059,1109.0,PULPA DE MANZANA
2060,1109.0,PULPA CONCENTRADA DE MANZANA
2061,1109.0,PULPA DE DURAZNO
2062,1109.0,PULPA CONCENTRADA DE DURAZNO
2063,1109.0,PULPA DE DAMASCO
2064,1109.0,PULPA CONCENTRADA DE DAMASCO
2065,1109.0,PULPA DE ZAPALLO
2066,1109.0,PULPA DE ZANAHORIA
2067,1109.0,PURE DE PERA CONCENTRADO
2068,1109.0,PURE DE PERA
2069,1109.0,PURE DE MANZANA
2070,1109.0,PURE DE MANZANA CONCENTRADO
2071,1109.0,PURE DE DURAZNO
2072,1109.0,PURE DE DURAZNO CONCENTRADO
2073,1109.0,PURE DE DAMASCO
2074,1109.0,PURE DE DAMASCO CONCENTRADO
2075,1109.0,PURE DE ZAPALLO
2076,1109.0,PURE DE ZANAHORIA
2077,1109.0,PURE DE BATATA
2078,1110.0,AJO
2079,1111.0,AJO NEGRO
2080,1112.0,VINO
2081,1113.0,VINO
2082,1114.0,ZAPALLO
2083,1114.0,AJO
2084,1115.0,VINO
2085,1116.0,VINO
2086,1117.0,VINO
2087,1117.0,PINOT GRIS
2088,1117.0,MALBEC 2015
2089,1118.0,VINO
2090,1119.0,VINO
2091,1120.0,VINO
2092,1121.0,VINO
2093,1122.0,VINO
2094,1123.0,AJO
2095,1124.0,VINO
2096,1125.0,CIRUELAS SECAS
2097,1126.0,VINO
2098,1127.0,ACEITE DE OLIVA
2099,1128.0,VINO
2100,1129.0,VINO
2101,1130.0,VINO
2102,1131.0,VINO
2103,1132.0,VINO
2104,1133.0,PULPA DE PERA
2105,1133.0,PULPA DE MANZANA
2106,1133.0,PULPA DE DAMASCO
2107,1133.0,PULPA DE DURAZNO
2108,1133.0,PULPA DE ZAPALLO
2109,1133.0,PURE DE BATATA
2110,1133.0,PULPA DE ZANAHORIA
2111,1134.0,VINO
2112,1135.0,VINO
2113,1136.0,VINO
2114,1137.0,VINO
2115,1138.0,VINO
2116,1139.0,VINO
2117,1140.0,PURE DE MANZANA
2118,1140.0,PURE DE MANZANA CONCENTRADO
2119,1140.0,PURE DE PERA
2120,1140.0,PURE DE PERA CONCENTRADO
2121,1140.0,PURE DE DAMASCO
2122,1140.0,PURE DE DAMASCO CONCENTRADO
2123,1140.0,PURE DE CIRUELA CONCENTRADO
2124,1141.0,VINO
2125,1142.0,VINO
2126,1143.0,VINO
2127,1144.0,VINO
2128,1145.0,JUGO DE UVA
2129,1146.0,JUGO CONCENTRADO DE UVA
2130,1147.0,VINOS
2131,1147.0,ESPUMANTES
2132,1148.0,VINO
2133,1149.0,ACEITUNAS
2134,1149.0,CIRUELAS
2135,1149.0,DAMASCOS
2136,1149.0,NUECES
2137,1150.0,VINO
2138,1151.0,VINO
2139,1152.0,VINO
2140,1153.0,HORTALIZAS
2141,1154.0,VINO
2142,1155.0,VINO
2143,1156.0,VINO
2144,1156.0,MOSTO
2145,1157.0,NUEZ
2146,1158.0,VINO
2147,1159.0,VINO
2148,1160.0,ACEITE DE OLIVA
2149,1161.0,VINO
2150,1162.0,ACEITE DE OLVIA
2151,1163.0,VINO
2152,1163.0,JUGO DE UVA
2153,1164.0,VINO
2154,1165.0,CIRUELA DESECADA
2155,1166.0,AJO
2156,1167.0,VINO
2157,1168.0,ESPARRAGOS
2158,1169.0,VINO
2159,1170.0,VINO
2160,1171.0,AJO
2161,1172.0,CIRUELA DESECADA
2162,1173.0,VINO
2163,1174.0,CIRUELAS DESECADAS
2164,1175.0,VINO
2165,1176.0,ACEITE DE OLIVA
2166,1177.0,VINO
2167,1178.0,JUGO DE UVA CONCENTRADO BLANCO
2168,1179.0,VINO
2169,1180.0,VINO
2170,1180.0,UVAS
2171,1180.0,ACEITUNAS
2172,1360.0,AJO
2173,1360.0,ZAPALLO
2174,1361.0,VINO
2175,1361.0,MOSTO
2176,1362.0,ACEITE DE OLIVA
2177,1363.0,SEMILLA DE LECHUGA
2178,1363.0,SEMILLA DE CEBOLLA
2179,1364.0,PULPA CONCENTRADA DE DAMASCO
2180,1364.0,PULPA CONCENTRADA DE MANZANA
2181,1364.0,PULPA CONCENTRADA DE PERA
2182,1364.0,PULPA CONCENTRADA DE CIRUELA
2183,1365.0,AJO
2184,1365.0,ZAPALLO
2185,1366.0,ACEITE DE OLIVA
2186,1367.0,VINO
2187,1367.0,VINO ESPUMANTE
2188,1368.0,VINO
2189,1369.0,VINO
2190,439.0,CAÑA DE AZUCAR
2191,440.0,CAÑA DE AZUCAR
2192,441.0,CAÑA DE AZUCAR
2193,442.0,CAÑA DE AZUCAR
2194,443.0,CAÑA DE AZUCAR
2195,444.0,CAÑA DE AZUCAR
2196,445.0,CAÑA DE AZUCAR
2197,446.0,CAÑA DE AZUCAR
2198,447.0,CAÑA DE AZUCAR
2199,448.0,CAÑA DE AZUCAR
2200,449.0,CAÑA DE AZUCAR
2201,450.0,LIMON
2202,450.0,MANDARINA
2203,450.0,NARANJA
2204,450.0,PONELO
2205,450.0,ANANA
2206,451.0,CAÑA DE AZUCAR
2207,452.0,YERBA MATE
2208,453.0,YERBA MATE
2209,454.0,CAÑA DE AZUCAR
2210,455.0,CAÑA DE AZUCAR
2211,456.0,CAÑA DE AZUCAR
2212,457.0,CAÑA DE AZUCAR
2213,458.0,CAÑA DE AZUCAR
2214,459.0,CAÑA DE AZUCAR
2215,460.0,CAÑA DE AZUCAR
2216,461.0,CAÑA DE AZUCAR
2217,462.0,CAÑA DE AZUCAR
2218,463.0,CAÑA DE AZUCAR
2219,464.0,CAÑA DE AZUCAR
2220,465.0,YERBA MATE
2221,466.0,CAÑA DE AZUCAR
2222,467.0,CAÑA DE AZUCAR
2223,468.0,YERBA MATE
2224,468.0,TE
2225,469.0,CAÑA DE AZUCAR
2226,470.0,CAÑA DE AZUCAR
2227,471.0,CAÑA DE AZUCAR
2228,472.0,CAÑA DE AZUCAR
2229,473.0,CAÑA DE AZUCAR
2230,474.0,CAÑA DE AZUCAR
2231,475.0,CAÑA DE AZUCAR
2232,476.0,CAÑA DE AZUCAR
2233,477.0,CAÑA DE AZUCAR
2234,478.0,CAÑA DE AZUCAR
2235,479.0,CAÑA DE AZUCAR
2236,480.0,CAÑA DE AZUCAR
2237,481.0,CAÑA DE AZUCAR
2238,482.0,CAÑA DE AZUCAR
2239,483.0,CAÑA DE AZUCAR
2240,484.0,CAÑA DE AZUCAR
2241,485.0,CAÑA DE AZUCAR
2242,486.0,CAÑA DE AZUCAR
2243,487.0,CAÑA DE AZUCAR
2244,488.0,CAÑA DE AZUCAR
2245,489.0,CAÑA DE AZUCAR
2246,490.0,CAÑA DE AZUCAR
2247,491.0,CAÑA DE AZUCAR
2248,492.0,CAÑA DE AZUCAR
2249,493.0,CAÑA DE AZUCAR
2250,494.0,CAÑA DE AZUCAR
2251,495.0,CAÑA DE AZUCAR
2252,496.0,CAÑA DE AZUCAR
2253,497.0,YERBA MATE
2254,498.0,CAÑA DE AZUCAR
2255,499.0,CAÑA DE AZUCAR
2256,500.0,CAÑA DE AZUCAR
2257,501.0,CAÑA DE AZUCAR
2258,502.0,CAÑA DE AZUCAR
2259,503.0,CAÑA DE AZUCAR
2260,504.0,CAÑA DE AZUCAR
2261,505.0,CAÑA DE AZUCAR
2262,506.0,CAÑA DE AZUCAR
2263,507.0,CAÑA DE AZUCAR
2264,508.0,CAÑA DE AZUCAR
2265,509.0,CAÑA DE AZUCAR
2266,510.0,CAÑA DE AZUCAR
2267,511.0,CAÑA DE AZUCAR
2268,512.0,YERBA MATE
2269,513.0,CAÑA DE AZUCAR
2270,514.0,CAÑA DE AZUCAR
2271,515.0,CAÑA DE AZUCAR
2272,516.0,CAÑA DE AZUCAR
2273,517.0,CAÑA DE AZUCAR
2274,518.0,CAÑA DE AZUCAR
2275,519.0,CAÑA DE AZUCAR
2276,520.0,CAÑA DE AZUCAR
2277,521.0,CAÑA DE AZUCAR
2278,522.0,CAÑA DE AZUCAR
2279,523.0,CAÑA DE AZUCAR
2280,524.0,CAÑA DE AZUCAR
2281,525.0,CAÑA DE AZUCAR
2282,526.0,CAÑA DE AZUCAR
2283,527.0,CAÑA DE AZUCAR
2284,528.0,YERBA MATE
2285,529.0,CAÑA DE AZUCAR
2286,530.0,CAÑA DE AZUCAR
2287,531.0,CAÑA DE AZUCAR
2288,532.0,CAÑA DE AZUCAR
2289,533.0,CAÑA DE AZUCAR
2290,534.0,CAÑA DE AZUCAR
2291,535.0,YERBA MATE
2292,536.0,TE
2293,536.0,YERBA MATE
2294,537.0,CAÑA DE AZUCAR
2295,538.0,CAÑA DE AZUCAR
2296,539.0,SIN PROD
2297,540.0,TE
2298,541.0,CAÑA DE AZUCAR
2299,542.0,YERBA MATE
2300,543.0,CAÑA DE AZUCAR
2301,544.0,CAÑA DE AZUCAR
2302,545.0,CAÑA DE AZUCAR
2303,546.0,CAÑA DE AZUCAR
2304,547.0,CAÑA DE AZUCAR
2305,548.0,YERBA
2306,548.0,CAÑA DE AZUCAR
2307,548.0,MANDIOCA
2308,548.0,AROMATICAS
2309,548.0,MEDICINALES
2310,549.0,CAÑA DE AZUCAR
2311,550.0,CAÑA DE AZUCAR
2312,551.0,CAÑA DE AZUCAR
2313,552.0,YERBA
2314,552.0,TE
2315,552.0,POMELO
2316,552.0,QUINOTO
2317,552.0,MANDARINA
2318,552.0,NARANJA
2319,553.0,CAÑA DE AZUCAR
2320,554.0,CAÑA DE AZUCAR
2321,555.0,TE
2322,555.0,YERBA MATE
2323,556.0,CAÑA DE AZUCAR
2324,557.0,CAÑA DE AZUCAR
2325,558.0,CAÑA DE AZUCAR
2326,559.0,CAÑA DE AZUCAR
2327,560.0,CAÑA DE AZUCAR
2328,561.0,CAÑA DE AZUCAR
2329,562.0,CAÑA DE AZUCAR
2330,563.0,CAÑA DE AZUCAR
2331,564.0,CAÑA DE AZUCAR
2332,565.0,CAÑA DE AZUCAR
2333,566.0,CAÑA DE AZUCAR
2334,567.0,CAÑA DE AZUCAR
2335,568.0,CAÑA DE AZUCAR
2336,569.0,CAÑA DE AZUCAR
2337,570.0,CAÑA DE AZUCAR
2338,571.0,CAÑA DE AZUCAR
2339,572.0,CAÑA DE AZUCAR
2340,573.0,CAÑA DE AZUCAR
2341,574.0,CAÑA DE AZUCAR
2342,575.0,MONTE
2343,575.0,YERBA MATE
2344,575.0,CAPUERA
2345,575.0,TE
2346,576.0,YERBA MATE
2347,577.0,CAÑA DE AZUCAR
2348,578.0,CAÑA DE AZUCAR
2349,579.0,CAÑA DE AZUCAR
2350,580.0,CAÑA DE AZUCAR
2351,581.0,CAÑA DE AZUCAR
2352,582.0,CAÑA DE AZUCAR
2353,583.0,CAÑA DE AZUCAR
2354,584.0,CAÑA DE AZUCAR
2355,585.0,CAÑA DE AZUCAR
2356,586.0,CAÑA DE AZUCAR
2357,587.0,CAÑA DE AZUCAR
2358,588.0,YERBA MATE
2359,589.0,CAÑA DE AZUCAR
2360,590.0,CAÑA DE AZUCAR
2361,591.0,CAÑA DE AZUCAR
2362,592.0,CAÑA DE AZUCAR
2363,593.0,CAÑA DE AZUCAR
2364,594.0,CAÑA DE AZUCAR
2365,595.0,CAÑA DE AZUCAR
2366,596.0,CAÑA DE AZUCAR
2367,597.0,CAÑA DE AZUCAR
2368,598.0,CAÑA DE AZUCAR
2369,599.0,CAÑA DE AZUCAR
2370,600.0,YERBA MATE
2371,601.0,CAÑA DE AZUCAR
2372,602.0,CAÑA DE AZUCAR
2373,603.0,CAÑA DE AZUCAR
2374,604.0,CAÑA DE AZUCAR
2375,605.0,YERBA MATE
2376,606.0,CAÑA DE AZUCAR
2377,607.0,CAÑA DE AZUCAR
2378,608.0,CAÑA DE AZUCAR
2379,609.0,CAÑA DE AZUCAR
2380,610.0,CAÑA DE AZUCAR
2381,611.0,CAÑA DE AZUCAR
2382,612.0,CAÑA DE AZUCAR
2383,613.0,CAÑA DE AZUCAR
2384,614.0,CAÑA DE AZUCAR
2385,615.0,CAÑA DE AZUCAR
2386,616.0,POROTO SABLE
2387,616.0,STEVIA
2388,616.0,YERBA MATE
2389,617.0,CAÑA DE AZUCAR
2390,618.0,CAÑA DE AZUCAR
2391,619.0,CAÑA DE AZUCAR
2392,620.0,CAÑA DE AZUCAR
2393,621.0,CAÑA DE AZUCAR
2394,622.0,CAÑA DE AZUCAR
2395,623.0,CAÑA DE AZUCAR
2396,624.0,CAÑA DE AZUCAR
2397,625.0,CAÑA DE AZUCAR
2398,626.0,CAÑA DE AZUCAR
2399,627.0,CAÑA DE AZUCAR
2400,629.0,CAÑA DE AZUCAR
2401,630.0,CAÑA DE AZUCAR
2402,631.0,CAÑA DE AZUCAR
2403,632.0,CAÑA DE AZUCAR
2404,633.0,CAÑA DE AZUCAR
2405,634.0,CAÑA DE AZUCAR
2406,635.0,CAÑA DE AZUCAR
2407,636.0,CAÑA DE AZUCAR
2408,637.0,YERBA MATE
2409,637.0,STEVIA
2410,637.0,ANANA
2411,637.0,MANDARINA
2412,638.0,CAÑA DE AZUCAR
2413,639.0,CAÑA DE AZUCAR
2414,640.0,CAÑA DE AZUCAR
2415,641.0,CAÑA DE AZUCAR
2416,642.0,VAQUILLONAS
2417,642.0,TERNEROS
2418,642.0,TOROS
2419,642.0,VACAS
2420,643.0,CAÑA DE AZUCAR
2421,1181.0,YERBA MATE
2422,1182.0,YERBA MATE
2423,1182.0,TE NEGRO
2424,1182.0,TE ROJO
2425,1182.0,TE VERDE
2426,1183.0,YERBA MATE
2427,1183.0,TE
2428,1184.0,YERBA MATE
2429,1185.0,YERBA MATE CANCHADA
2430,1185.0,MOLIDA ENVASADA
2431,1186.0,MATE COCIDO
2432,1186.0,YERBA MATE
2433,1186.0,TE
2434,1187.0,AZUCAR DE CAÑA
2435,1188.0,YERBA MATE
2436,1189.0,YERBA MATE
2437,1190.0,YERBA MATE
2438,1191.0,TE
2439,1191.0,TE SABORIZADO
2440,1191.0,YERBA MATE
2441,1192.0,YERBA MATE
2442,1193.0,YERBA MATE
2443,1194.0,TE
2444,1195.0,YERBA MATE
2445,1370.0,ROSELLA
2446,1370.0,STEVIA
2447,1370.0,TE
2448,1370.0,TE NEGRO
2449,1370.0,TE VERDE
2450,1370.0,YERBA MATE
2451,1370.0,TE ROJO
2452,1371.0,YERBA MATE
2453,1372.0,YERBA MATE
2454,644.0,MANZANA
2455,644.0,PERA
2456,645.0,CIRUELA
2457,645.0,DURAZNO
2458,646.0,MANZANA
2459,646.0,PERA
2460,647.0,MANZANA
2461,647.0,PERA
2462,648.0,MANZANA
2463,648.0,VIVERO
2464,649.0,MANZANA
2465,649.0,PERA
2466,650.0,PERA
2467,650.0,MANZANA
2468,650.0,CIRUELA
2469,651.0,MANZANA
2470,651.0,PERA
2471,651.0,CIRUELA
2472,652.0,MANZANA
2473,652.0,PERA
2474,652.0,CIRUELA
2475,653.0,MANZANAS
2476,653.0,PERAS
2477,654.0,MANZANA
2478,654.0,PERA
2479,655.0,MANZANA
2480,656.0,PERA
2481,657.0,MANZANA
2482,657.0,PERA
2483,658.0,MANZANA
2484,658.0,PERA
2485,659.0,MANZANA
2486,659.0,PERA
2487,660.0,MANZANA
2488,660.0,PERA
2489,661.0,MANZANA
2490,661.0,PERA
2491,662.0,MANZANA
2492,663.0,MANZANA
2493,663.0,PERA
2494,664.0,MANZANA
2495,664.0,PERA
2496,665.0,MANZANA
2497,665.0,PERA
2498,666.0,PERA
2499,667.0,PERA
2500,668.0,MANZANA
2501,668.0,PERA
2502,669.0,MANZANA
2503,669.0,PERA
2504,670.0,MANZANA
2505,670.0,PERA
2506,671.0,PERA
2507,672.0,MANZANA
2508,672.0,PERA
2509,673.0,MANZANA
2510,673.0,PERA
2511,674.0,MANZANA
2512,674.0,PERA
2513,675.0,MANZANA
2514,675.0,PERA
2515,675.0,CEREZA
2516,675.0,VIVERO
2517,676.0,MANZANA
2518,676.0,PERA
2519,677.0,MANZANA
2520,677.0,PERA
2521,678.0,MANZANA
2522,678.0,PERA
2523,679.0,PERA
2524,680.0,MANZANA
2525,680.0,PERA
2526,681.0,MANZANA
2527,681.0,PERA
2528,682.0,MANZANA
2529,682.0,PERA
2530,682.0,CEREZA
2531,682.0,DURAZNO
2532,682.0,DAMASCO
2533,683.0,MANZANA
2534,683.0,PERA
2535,683.0,CIRUELA
2536,684.0,MANZANA
2537,685.0,PERA
2538,686.0,MANZANA
2539,686.0,PERA
2540,687.0,MANZANAS
2541,687.0,PERAS
2542,688.0,MANZANA
2543,688.0,PERA
2544,689.0,PERA
2545,690.0,MANZANA
2546,690.0,PERA
2547,691.0,MANZANA
2548,691.0,PERA
2549,692.0,MANZANA
2550,692.0,PERA
2551,692.0,CALENDULA
2552,693.0,MANZANA
2553,693.0,PERA
2554,694.0,PERA
2555,694.0,MANZANA
2556,694.0,CIRUELA
2557,695.0,MANZANA
2558,695.0,PERA
2559,696.0,MANZANA
2560,696.0,PERA
2561,697.0,PERA
2562,697.0,CIRUELA
2563,1196.0,CIRUELA
2564,1196.0,DURAZNO
2565,1196.0,PERA
2566,1196.0,MANZANA
2567,1197.0,MANZANAS
2568,1197.0,PERAS
2569,1198.0,CEREZAS
2570,1199.0,PERA
2571,1199.0,MANZANA
2572,1200.0,PERA
2573,1200.0,MANZANA
2574,1201.0,PERA
2575,1201.0,MANZANA
2576,1202.0,PERA
2577,1202.0,MANZANA
2578,1203.0,JUGO CONCENTRADO DE MANZANA
2579,1203.0,PERA
2580,1203.0,AROMAS DE PERA
2581,1203.0,MANZANA
2582,1203.0,JUGO CONCENTRADO TURBIO DE PERA
2583,1203.0,MANZANA
2584,1203.0,PASTA DE PERA
2585,1203.0,MANZANA
2586,1204.0,AROMAS DE  MANZANA
2587,1204.0,AROMAS DE PERA
2588,1204.0,JUGO CONCENTRADO DE MANZANA
2589,1204.0,JUGO CONCENTRADO DE PERA
2590,1205.0,CEREZAS
2591,1206.0,PERA
2592,1206.0,MANZANA
2593,1206.0,CIRUELA
2594,1206.0,DURAZNO
2595,1207.0,PERA
2596,1207.0,CEREZA
2597,1207.0,ZAPALLO
2598,1207.0,MANZANA
2599,1207.0,DURAZNO
2600,1207.0,CIRUELA
2601,1208.0,PERA
2602,1208.0,MANZANA
2603,1373.0,CIRUELA
2604,1373.0,DURAZNO
2605,1373.0,CEREZA
2606,1373.0,MANZANA
2607,1373.0,PERA
2608,1373.0,ZAPALLO
2609,1374.0,CEREZA
2610,1374.0,NECTARINAS
2611,1374.0,PERA
2612,1374.0,MANZANA
2613,1374.0,CIRUELA
2614,1374.0,DURAZNO
2615,1375.0,PERAS
2616,1375.0,MANZANAS
2617,1375.0,DURAZNOS
2618,1375.0,CEREZA
2619,1375.0,CIRUELAS
2620,1375.0,ZAPALLO
2621,698.0,VACAS
2622,698.0,LECHE
2623,698.0,VAQUILLONAS
2624,698.0,NOVILLOS
2625,698.0,TERNERAS
2626,698.0,TERNEROS
2627,698.0,TOROS
2628,699.0,CEREZA
2629,700.0,PERA
2630,700.0,MANZANA
2631,701.0,PERA
2632,701.0,MANZANA
2633,702.0,PERA
2634,702.0,MANZANA
2635,703.0,CERELAES
2636,703.0,OELAGINOSAS
2637,703.0,MEGAFARDOS DE ALFALFA
2638,704.0,PERA
2639,704.0,MANZANA
2640,705.0,PERA
2641,705.0,MANZANA
2642,705.0,PELON
2643,705.0,DURAZNO
2644,706.0,MANZANAS
2645,706.0,PERAS
2646,707.0,PERA
2647,707.0,MANZANA
2648,708.0,MANZANA
2649,709.0,MANZANA
2650,709.0,PERA
2651,710.0,MANZANAS
2652,711.0,MANZANAS
2653,711.0,PERAS
2654,712.0,VID
2655,713.0,VID
2656,714.0,VID
2657,715.0,VID
2658,716.0,VID
2659,717.0,VID
2660,718.0,MANZANA
2661,718.0,PERA
2662,719.0,VACAS
2663,719.0,VAQUILLONAS
2664,719.0,TOROS
2665,720.0,PERA
2666,721.0,PERA
2667,722.0,MANZANA
2668,722.0,PERA
2669,723.0,GANADERIA BOVINA
2670,723.0,GANADERIA OVINA CARNE
2671,723.0,LANA
2672,724.0,MANZANAS
2673,724.0,PERAS
2674,725.0,MANZANAS
2675,725.0,PERAS
2676,726.0,MANZANAS
2677,726.0,PERAS
2678,727.0,MANZANAS
2679,727.0,PERAS
2680,728.0,MANZANAS
2681,728.0,PERAS
2682,729.0,MANZANAS
2683,729.0,PERAS
2684,730.0,PERA
2685,730.0,MANZANA
2686,731.0,MANZANAS
2687,731.0,PERAS
2688,732.0,MANZANAS
2689,732.0,PERAS
2690,733.0,MANZANA
2691,733.0,PERA
2692,734.0,MANZANA
2693,734.0,PERA
2694,734.0,CIRUELA
2695,734.0,PELON
2696,735.0,PERA
2697,735.0,MANZANA
2698,736.0,PERA
2699,736.0,MANZANA
2700,736.0,VID
2701,737.0,MANZANAS
2702,737.0,PERAS
2703,738.0,MANZANA
2704,738.0,PERA
2705,739.0,PERA
2706,740.0,PERA
2707,741.0,MANZANA
2708,741.0,PERA
2709,742.0,PERAS
2710,742.0,MANZANAS
2711,743.0,PERAS
2712,743.0,MANZANAS
2713,744.0,PERAS
2714,744.0,MANZANAS
2715,745.0,PERAS
2716,745.0,MANZANAS
2717,746.0,PERAS
2718,746.0,MANZANAS
2719,747.0,PERAS
2720,747.0,MANZANAS
2721,748.0,PERAS
2722,748.0,MANZANAS
2723,749.0,PERA
2724,749.0,MANZANA
2725,749.0,DURAZNO
2726,750.0,PERA
2727,751.0,MANZANA
2728,751.0,PERA
2729,752.0,MANZANA
2730,752.0,PERA
2731,753.0,MANZANAS
2732,753.0,PERAS
2733,754.0,MANZANA
2734,754.0,PERA
2735,755.0,PERA
2736,755.0,MANZANA
2737,755.0,INCULTO
2738,756.0,PERA
2739,756.0,MANZANA
2740,757.0,PERA
2741,757.0,MANZANA
2742,758.0,MANZANA
2743,758.0,PERA
2744,759.0,FRAMBUESA
2745,759.0,DESCANSO
2746,759.0,ARANDANO
2747,759.0,ZARZAMORA
2748,759.0,MONTE
2749,759.0,INCULTO
2750,759.0,CEREZA
2751,759.0,CORINTO
2752,759.0,CASSIS
2753,759.0,GROSELLA
2754,759.0,MEMBRILLO
2755,760.0,MANZANA
2756,760.0,PERA
2757,761.0,MANZANA
2758,761.0,PERA
2759,762.0,PERA
2760,762.0,MANZANA
2761,762.0,MEMBRILLO
2762,762.0,INCULTO
2763,762.0,DAMASCO
2764,762.0,CIRUELA
2765,762.0,AVELLANAS
2766,762.0,ALMENDRAS
2767,762.0,DURAZNO
2768,762.0,CEREZA
2769,763.0,MANZANA
2770,763.0,PERA
2771,764.0,PERAS
2772,764.0,MANZANAS
2773,765.0,PERAS
2774,765.0,MANZANAS
2775,766.0,MANZANA
2776,767.0,PERA
2777,768.0,PERA
2778,769.0,MANZANA
2779,769.0,PERA
2780,770.0,BORREGAS
2781,770.0,OVEJAS
2782,770.0,BORREGOS
2783,770.0,CARNEROS
2784,770.0,CAPONES
2785,771.0,MANZANA
2786,771.0,PERA
2787,771.0,NOGAL
2788,772.0,MANZANAS
2789,772.0,PERAS
2790,773.0,MANZANA
2791,773.0,PERA
2792,773.0,CIRUELA
2793,774.0,MANZANA
2794,774.0,PERA
2795,775.0,MANZANA
2796,775.0,PERA
2797,776.0,MANZANA
2798,776.0,PERA
2799,777.0,MANZANA
2800,777.0,PERA
2801,778.0,MANZANA
2802,778.0,PERA
2803,779.0,PERAS
2804,780.0,MANZANAS
2805,780.0,PERAS
2806,781.0,MANZANA
2807,781.0,PERA
2808,782.0,PERA
2809,783.0,MANZANA
2810,783.0,PERA
2811,785.0,MANZANA
2812,785.0,PERA
2813,786.0,MANZANA
2814,786.0,PERA
2815,787.0,MANZANA
2816,787.0,PERA
2817,788.0,MANZANA
2818,788.0,PERA
2819,789.0,MANZANA
2820,789.0,PERA
2821,790.0,MANZANAS
2822,791.0,MANZANAS
2823,791.0,PERAS
2824,792.0,MANZANA
2825,792.0,PERA
2826,793.0,MANZANA
2827,793.0,PERA
2828,794.0,MANZANA
2829,794.0,PERA
2830,795.0,MANZANA
2831,795.0,PERA
2832,796.0,MANZANA
2833,796.0,PERA
2834,797.0,MANZANAS
2835,797.0,PERAS
2836,798.0,MANZANA
2837,798.0,PERA
2838,798.0,DURAZNO
2839,799.0,MANZANAS
2840,799.0,PERAS
2841,800.0,PERAS
2842,801.0,PERAS
2843,801.0,MANZANAS
2844,802.0,MANZANA
2845,802.0,PERA
2846,803.0,MANZANA
2847,803.0,PERA
2848,804.0,MANZANA
2849,804.0,PERA
2850,804.0,PELON
2851,805.0,MANZANA
2852,805.0,PERA
2853,806.0,MANZANA
2854,806.0,PERA
2855,807.0,NUECES
2856,807.0,NUEZ SECA PELADA
2857,807.0,NUEZ SECA CON CASCARA
2858,808.0,NUECES
2859,808.0,NUEZ SECA PELADA
2860,808.0,NUEZ SECA CON CASCARA
2861,809.0,MANZANA
2862,809.0,PERA
2863,810.0,MANZANA
2864,810.0,PERA
2865,811.0,PERAS
2866,812.0,PERAS
2867,813.0,MANZANA
2868,813.0,PERA
2869,814.0,MANZANAS
2870,814.0,PERAS
2871,815.0,MANZANAS
2872,815.0,PERAS
2873,816.0,LANA SUCIA
2874,816.0,OVEJAS
2875,816.0,BORREGOS
2876,816.0,BORREGAS
2877,816.0,CAPONES
2878,816.0,CORDEROS
2879,816.0,CARNEROS
2880,817.0,MANZANAS
2881,817.0,PERAS
2882,818.0,MANZANAS
2883,818.0,PERAS
2884,819.0,PERA
2885,819.0,MANZANA
2886,819.0,CEREZA
2887,820.0,MANZANA
2888,820.0,PERA
2889,821.0,MANZANA
2890,821.0,PERA
2891,822.0,MANZANA
2892,822.0,PERA
2893,823.0,MANZANA
2894,823.0,PERA
2895,824.0,MANZANAS
2896,824.0,PERAS
2897,825.0,MANZANAS
2898,825.0,PERAS
2899,826.0,MANZANA
2900,826.0,PERA
2901,827.0,UVAS
2902,828.0,MANZANA
2903,828.0,PERA
2904,828.0,DURAZNO
2905,829.0,MANZANZA
2906,829.0,PERA
2907,829.0,DURAZNO
2908,829.0,CIRUELA
2909,830.0,PERAS
2910,831.0,MANZANA
2911,831.0,PERA
2912,832.0,MANZANA
2913,832.0,PERA
2914,833.0,MANZANA
2915,833.0,PERA
2916,834.0,MANZANA
2917,834.0,PERA
2918,1209.0,CEREZA
2919,1210.0,PERA
2920,1210.0,MANZANA
2921,1210.0,CIRUELA
2922,1211.0,MANZANAS
2923,1211.0,PERAS
2924,1212.0,MANZANAS
2925,1212.0,PERAS
2926,1213.0,ELAB ACEITE ROSA MOSQUETA
2927,1214.0,ZAPALLO
2928,1214.0,MANZANA
2929,1214.0,PERA
2930,1214.0,CIRUELA
2931,1214.0,DURAZNO
2932,1214.0,NECTARINAS
2933,1215.0,MANZANA
2934,1215.0,PERA
2935,1215.0,CIRUELA
2936,1215.0,DURAZNO
2937,1215.0,NECTARINAS
2938,1216.0,PULPA
2939,1216.0,JUGO DE MANZANA
2940,1216.0,MANZANA DESHIDRATADA
2941,1217.0,JUGO CONCENTRADO DE PERA
2942,1217.0,JUGO CONCENTRADO DE MANZANA
2943,1217.0,SIDRA
2944,1218.0,PERA
2945,1218.0,MANZANA
2946,1219.0,JUGO CONCENTRADO DE PERA
2947,1219.0,MANZANA
2948,1220.0,PERAS
2949,1220.0,MANZANAS
2950,1221.0,PERA
2951,1221.0,MANZANA
2952,1222.0,MANZANAS
2953,1222.0,PERAS
2954,1223.0,PERAS
2955,1223.0,MANZANAS
2956,1224.0,MANZANAS
2957,1224.0,PERAS
2958,1225.0,PERA
2959,1225.0,MANZANA
2960,1225.0,CIRUELA
2961,1225.0,DURAZNO
2962,1226.0,PERA
2963,1226.0,MANZANA
2964,1226.0,CIRUELA
2965,1227.0,PERA
2966,1227.0,MANZANA
2967,1227.0,CIRUELA
2968,1227.0,DURAZNO
2969,1228.0,PERA
2970,1228.0,MANZANA
2971,1228.0,CIRUELA
2972,1229.0,PERA
2973,1230.0,PERA
2974,1230.0,MANZANA
2975,1230.0,CIRUELA
2976,1230.0,DURAZNO
2977,1230.0,ZAPALLO
2978,1231.0,PERA
2979,1231.0,MANZANA
2980,1231.0,CEREZA
2981,1232.0,NUECES
2982,1232.0,NUEZ SECA PELADA
2983,1232.0,NUEZ SECA CON CASCARA
2984,1233.0,NUECES
2985,1233.0,NUEZ SECA PELADA
2986,1233.0,NUEZ SECA CON CASCARA
2987,1234.0,MANZANAS
2988,1234.0,PERAS
2989,1235.0,MANZANAS
2990,1235.0,PERAS
2991,1376.0,JUGO CONCENTRADO
2992,1376.0,PURE DE PERA
2993,1377.0,MANZANAS
2994,1377.0,PERAS
2995,1378.0,MANZANAS
2996,1378.0,PERAS
2997,1378.0,UVAS
2998,1378.0,ARANDANOS
2999,1379.0,PERA
3000,1379.0,MANZANA
3001,1379.0,CIRUELAS
3002,1379.0,DURAZNO
3003,1379.0,NECTARINAS
3004,1379.0,CEREZAS
3005,835.0,CHIA SALVIA HISPANICA L
3006,835.0,SOJA
3007,835.0,POROTO
3008,836.0,CEREALES
3009,836.0,OLEAGINOSAS
3010,836.0,LEGUMINOSAS
3011,837.0,AROMATICAS
3012,837.0,PASTOS NATURALES E IMPLANTADOS
3013,838.0,SESAMO
3014,838.0,CHIA SALVIA HISPANICA L
3015,839.0,VID
3016,840.0,CHIA SALVIA HISPANICA L
3017,840.0,MAIZ PISINGALLO
3018,840.0,CAMPO NATURAL
3019,841.0,DESCANSO
3020,841.0,CAÑA DE AZUCAR
3021,842.0,CHIA SALVIA HISPANICA L
3022,843.0,DESCANSO
3023,844.0,DESCANSO
3024,845.0,QUINOA
3025,845.0,CHIA SALVIA HISPANICA L
3026,845.0,SESAMO
3027,845.0,SORGO
3028,846.0,SESAMO
3029,846.0,CHIA
3030,847.0,CAÑA DE AZUCAR
3031,847.0,INCULTO
3032,848.0,CAÑA DE AZUCAR
3033,848.0,INCULTO
3034,848.0,MONTE
3035,849.0,CAÑA DE AZUCAR
3036,849.0,MONTE
3037,850.0,BOVINOS
3038,850.0,NUECES
3039,851.0,CAÑA DE AZUCAR
3040,851.0,DESCANSO
3041,851.0,MONTE
3042,852.0,CAÑA DE AZUCAR
3043,852.0,INCULTO
3044,853.0,CAMPO INCULTO
3045,854.0,INCULTO
3046,855.0,CHIA SALVIA HISPANICA L
3047,856.0,CHIA SALVIA HISPANICA L
3048,857.0,CHIA SALVIA HISPANICA L
3049,858.0,CHIA SALVIA HISPANICA L
3050,858.0,POROTO
3051,858.0,CAPUERA
3052,859.0,ALFALFA
3053,860.0,VID
3054,861.0,INCULTO
3055,862.0,POROTO NEGRO
3056,862.0,DESCANSO
3057,863.0,CAÑA DE AZUCAR
3058,863.0,MONTE
3059,864.0,VID
3060,865.0,CHIA
3061,866.0,CHIA
3062,867.0,CHIA
3063,868.0,MAIZ
3064,869.0,UVAS
3065,869.0,QUINOA
3066,1236.0,VINO
3067,1237.0,CHIA SALVIA HISPANICA L
3068,1238.0,CHIA
3069,1238.0,SESAMO
3070,1239.0,CEREALES
3071,1239.0,OLEAGINOSAS
3072,1240.0,VINO
3073,1241.0,AZUCAR DE CAÑA
3074,1241.0,ALCOHOL
3075,1241.0,SYRUP
3076,1241.0,MELAZA
3077,1242.0,CHIA SALVIA HISPANICA L
3078,1242.0,SESAMO
3079,1380.0,CEREALES
3080,1380.0,OLEAGINOSAS
3081,1381.0,CEREALES
3082,1381.0,OLEAGINOSAS
3083,1381.0,LEGUMINOSAS
3084,1382.0,CHIA SALVIA HISPANICA L
3085,1383.0,CEREALES
3086,1383.0,OLEAGINOSAS
3087,1384.0,CHIA SALVIA HISPANICA L
3088,1384.0,TRIGO
3089,1384.0,QUINOA
3090,870.0,ZAPALLO
3091,871.0,ESPARRAGO
3092,871.0,ZAPALLO ANCO
3093,871.0,ALAMO
3094,872.0,VID
3095,873.0,VID
3096,874.0,AJO
3097,874.0,CAMPO NATURAL
3098,874.0,ZAPALLO
3099,875.0,UVA DE MESA
3100,875.0,INCULTO
3101,875.0,PASAS DE UVA
3102,876.0,UVA DE MESA
3103,876.0,PASAS DE UVA
3104,877.0,UVA
3105,877.0,INCULTO
3106,877.0,PASAS DE UVA
3107,877.0,CAMPO NATURAL
3108,878.0,VID
3109,879.0,MOSTAZA
3110,879.0,MEMBRILLO
3111,879.0,ZAPALLO
3112,879.0,MENTA
3113,879.0,SALVIA
3114,879.0,MELISA
3115,879.0,AJENJO
3116,879.0,CIBOULETTE
3117,879.0,CEDRON
3118,879.0,ROMERO
3119,879.0,AZAFRAN
3120,879.0,AJI
3121,879.0,OREGANO
3122,879.0,LAVANDA
3123,879.0,NOGAL
3124,879.0,MATICO
3125,879.0,ESTRAGON
3126,879.0,TOMATE
3127,879.0,ALFALFA
3128,879.0,MONTE
3129,879.0,INCULTO
3130,880.0,VID
3131,880.0,OLIVOS
3132,881.0,VID
3133,881.0,OLIVOS
3134,882.0,VID
3135,883.0,OLIVOS
3136,884.0,VID
3137,885.0,VID
3138,885.0,MELON
3139,886.0,AJO
3140,887.0,UVA
3141,887.0,VID
3142,887.0,ACEITUNAS
3143,887.0,MANZANA
3144,887.0,PERA
3145,887.0,ALMENDRAS
3146,887.0,NUEZ
3147,887.0,CIRUELA
3148,887.0,DURAZNO
3149,887.0,DAMASCO
3150,887.0,HIGOS
3151,887.0,POMELO
3152,887.0,LIMON
3153,887.0,MANDARINA
3154,887.0,NARANJA
3155,887.0,LIMA
3156,887.0,ACELGA
3157,887.0,INCULTO
3158,887.0,MEMBRILLO
3159,887.0,CEREZA
3160,887.0,AVELLANAS
3161,887.0,BROCOLI
3162,887.0,ESPINACA
3163,887.0,LECHUGA
3164,887.0,REMOLACHA
3165,887.0,MONTE
3166,888.0,VID
3167,889.0,ZAPALLO
3168,889.0,ESPARRAGOS
3169,890.0,ESPARRAGOS
3170,891.0,ESPARRAGOS
3171,891.0,BROCOLI
3172,891.0,REPOLLO
3173,892.0,ESPARRAGOS
3174,892.0,BROCOLI
3175,892.0,REPOLLO
3176,893.0,ESPARRAGOS
3177,893.0,ALCAUCIL
3178,894.0,ESPARRAGOS
3179,895.0,ESPARRAGOS
3180,895.0,INCULTO
3181,896.0,VID
3182,897.0,VID
3183,897.0,DURAZNO
3184,897.0,TOMATE PERITA
3185,898.0,VID
3186,899.0,VID
3187,900.0,VID
3188,900.0,PASAS DE UVA
3189,900.0,PISTACHO
3190,900.0,OLIVO
3191,900.0,CAMPO NATURAL
3192,901.0,VID
3193,902.0,VID
3194,1243.0,UVA PASA
3195,1244.0,PASAS DE UVA
3196,1245.0,JUGO DE UVA
3197,1246.0,JUGO CONCENTRADO DE UVA
3198,1247.0,VINO
3199,1248.0,AJO
3200,1248.0,ZAPALLO
3201,1249.0,MOSTO DE UVA
3202,1250.0,VINO
3203,1251.0,MOSTO CONCENTRADO DE UVA
3204,1252.0,ZAPALLO
3205,1252.0,ESPARRAGOS
3206,1253.0,VINO
3207,1253.0,VINO ESPUMANTE
3208,1253.0,VINAGRE
3209,1253.0,ACETO
3210,1254.0,PASAS DE UVA
3211,1255.0,UVA PASA
3212,1256.0,ACEITE DE OLIVA
3213,1257.0,JUGO CONCENTRADO DE UVA
3214,1385.0,AJO
3215,903.0,PASTURA NATURAL
3216,904.0,VACAS
3217,904.0,TERNERAS
3218,904.0,TERNEROS
3219,904.0,TOROS
3220,904.0,VAQUILLONAS
3221,905.0,OREGANO
3222,905.0,TOMILLO
3223,905.0,ROMERO
3224,905.0,LAVANDA
3225,905.0,MENTA
3226,905.0,MAIZ
3227,905.0,ZAPALLO ANCO
3228,906.0,ALFALFA
3229,907.0,ZAPALLO
3230,907.0,FRAMBUESA
3231,907.0,MONTE
3232,907.0,AJO
3233,907.0,CEBOLLA
3234,907.0,INCULTO
3235,908.0,SIN PROD
3236,1258.0,OREGANO
3237,1258.0,TOMILLO
3238,1258.0,ROMERO
3239,1258.0,LAVANDA
3240,1258.0,MENTA
3241,1258.0,MAIZ
3242,1258.0,ZAPALLO ANCO
3243,909.0,LANA SUCIA
3244,909.0,OVEJAS
3245,909.0,BORREGOS
3246,909.0,BORREGAS
3247,909.0,CAPONES
3248,909.0,CARNEROS
3249,910.0,GANADERIA OVINA CARNE
3250,910.0,LANA
3251,911.0,GANADERIA BOVINA
3252,911.0,GANADERIA OVINA CARNE
3253,911.0,LANA
3254,912.0,LANA SUCIA
3255,912.0,OVEJAS
3256,912.0,CORDEROS
3257,912.0,BORREGAS
3258,912.0,CARNEROS
3259,913.0,OVEJAS
3260,913.0,CAPONES
3261,913.0,BORREGOS
3262,913.0,CARNEROS
3263,914.0,GANADERIA OVINA CARNE
3264,914.0,LANA
3265,915.0,TRUCHA ARCO IRIS
3266,916.0,VAQUILLONAS
3267,916.0,VACAS
3268,916.0,TERNEROS
3269,917.0,OVEJAS
3270,917.0,BORREGAS
3271,917.0,BORREGOS
3272,917.0,CAPONES
3273,917.0,CARNEROS
3274,918.0,LANA SUCIA
3275,918.0,OVEJAS
3276,918.0,CARNEROS
3277,918.0,BORREGOS
3278,918.0,BORREGAS
3279,918.0,CAPONES
3280,919.0,OVEJAS
3281,919.0,LANA SUCIA
3282,919.0,BORREGOS
3283,919.0,BORREGAS
3284,919.0,CARNEROS
3285,920.0,LANA SUCIA
3286,920.0,OVEJAS
3287,920.0,CAPONES
3288,920.0,BORREGOS
3289,920.0,BORREGAS
3290,920.0,CARNEROS
3291,921.0,OVEJAS
3292,921.0,LANA SUCIA
3293,921.0,BORREGAS
3294,921.0,BORREGOS
3295,921.0,CARNEROS
3296,921.0,CAPONES
3297,922.0,OVEJAS
3298,922.0,BORREGAS
3299,922.0,CAPONES
3300,922.0,CARNEROS
3301,923.0,TRIGO
3302,923.0,SORGO
3303,924.0,GIRASOL
3304,924.0,SOJA
3305,924.0,TRIGO
3306,924.0,MAIZ PISINGALLO
3307,925.0,HIGOS
3308,925.0,GRANADAS
3309,925.0,PALTAS
3310,926.0,MIEL
3311,926.0,SUBPRODUCTOS DE LA COLMENA
3312,927.0,MIEL
3313,928.0,MIEL
3314,929.0,TRIGO
3315,929.0,SOJA
3316,930.0,BOVINOS
3317,931.0,BOVINOS
3318,932.0,PASTOS NATURALES
3319,933.0,FRUTICULTURA
3320,933.0,HORTICULTURA
3321,933.0,AROMATICAS
3322,933.0,MEDICINALES; DULCES
3323,934.0,MIEL
3324,934.0,SUBPRODUCTOS DE LA COLMENA
3325,935.0,MIEL
3326,936.0,MIEL
3327,936.0,EXTRACCION
3328,936.0,FRACCIONAMIENTO DE MIEL
3329,937.0,MIEL
3330,938.0,CEREALES
3331,938.0,OLEAGINOSAS
3332,939.0,HORTALIZAS DE HOJA
3333,939.0,RAIZ
3334,939.0,FRUTO
3335,939.0,CONGELADO DE FRUTILLAS
3336,1259.0,JUGO DE ALOE VERA
3337,1259.0,JUGO DE ALOE VERA SABORIZADO
3338,1259.0,GEL DE ALOE VERA
3339,1260.0,PERAS CONGELADAS
3340,1261.0,HIGOS
3341,1261.0,GRANADAS
3342,1261.0,PALTAS
3343,1262.0,EXTRACCION
3344,1262.0,FRACCIONAMIENTO DE MIEL
3345,1263.0,FRUTICULTURA
3346,1263.0,HORTICULTURA
3347,1263.0,AROMATICAS
3348,1263.0,MEDICINALES; DULCES
3349,1264.0,MIEL
3350,1264.0,EXTRACCION
3351,1264.0,FRACCIONAMIENTO DE MIEL
3352,1265.0,CORTES DE CARNE VACUNA ENFRIADA
3353,1265.0,CORTES DE CARNE VACUNA CONGELADA
3354,1266.0,SMOOTHIES
3355,1266.0,JUGOS
3356,1266.0,DULCES
3357,1266.0,AROMATICAS
3358,1266.0,AZUCAR
3359,1266.0,FRUTAS
3360,1266.0,PULPAS
3361,1266.0,PASAS
3362,1267.0,HORTALIZAS DE HOJA
3363,1267.0,RAIZ
3364,1267.0,FRUTO
3365,1267.0,CONGELADO DE FRUTILLAS
3366,1386.0,CEREALES
3367,1386.0,OLEAGINOSAS
3368,940.0,CEREALES
3369,940.0,OLEAGINOSAS
3370,940.0,LEGUMINOSAS
3371,941.0,MIEL
3372,941.0,SUBPRODUCTOS DE LA COLMENA
3373,942.0,MIEL
3374,942.0,SUBPRODUCTOS DE LA COLMENA
3375,943.0,MIEL
3376,943.0,SUBPRODUCTOS DE LA COLMENA
3377,944.0,MIEL
3378,944.0,SUBPRODUCTOS DE LA COLMENA
3379,945.0,HORTALIZAS DE HOJAS
3380,945.0,FRUTOS
3381,945.0,AROMATICAS
3382,946.0,MIEL
3383,946.0,SUBPRODUCTOS DE LA COLMENA
3384,947.0,CHIA
3385,948.0,MIEL
3386,948.0,SUBPRODUCTOS DE LA COLMENA
3387,1268.0,MIEL
3388,1268.0,SUBPRODUCTOS DE LA COLMENA
3389,1387.0,MIEL
3390,1387.0,SUBPRODUCTOS DE LA COLMENA
3391,949.0,ARANDANO
3392,950.0,INCULTO
3393,950.0,ARANDANO
3394,951.0,ARANDANO
3395,951.0,FRUTILLA
3396,952.0,ARANDANO
3397,952.0,INCULTO
3398,952.0,FRAMBUESA
3399,953.0,ARANDANO
3400,953.0,MORA
3401,954.0,ARANDANO
3402,954.0,INCULTO
3403,955.0,ARANDANO
3404,956.0,ARANDANO
3405,956.0,INCULTO
3406,956.0,MONTE
3407,957.0,CHIA SALVIA HISPANICA L
3408,957.0,POROTO NEGRO
3409,957.0,GARBANZO
3410,958.0,LIMON
3411,959.0,ARANDANO
3412,959.0,INCULTO
3413,960.0,INCULTO
3414,960.0,ARANDANO
3415,961.0,ARANDANO
3416,961.0,FRUTILLA
3417,961.0,INCULTO
3418,962.0,CHIA SALVIA HISPANICA L
3419,963.0,LIMON
3420,964.0,CHIA SALVIA HISPANICA L
3421,964.0,FRUTILLA
3422,964.0,INCULTO
3423,965.0,ARANDANO
3424,965.0,INCULTO
3425,965.0,PASTIZAL NATURAL
3426,966.0,PALTA
3427,966.0,LIMON
3428,966.0,NARANJA
3429,966.0,MANDARINA
3430,966.0,INCULTO
3431,967.0,CHIA
3432,968.0,ARANDANO
3433,968.0,INCULTO
3434,1269.0,ARANDANO
3435,1270.0,JUGO
3436,1270.0,ACEITE DE LIMON
3437,1271.0,LIMON
3438,1272.0,ARANDANO
3439,1272.0,ARANDANO CONGELADO
3440,1273.0,ARANDANO CONGELADO
3441,1273.0,FRAMBUESA CONGELADA
3442,1274.0,ARANDANO
3443,1275.0,ARANDANO
3444,1276.0,ARANDANO
3445,1276.0,ARANDANO CONGELADO
3446,1276.0,FRAMBUESA CONGELADA
3447,1276.0,MORAS CONGELADAS
3448,1277.0,CHIA SALVIA HISPANICA L
3449,1278.0,ARANDANO
3450,1279.0,LIMON
3451,1279.0,MANDARINA
3452,1279.0,NARANJA
3453,1279.0,PALTA
3454,1280.0,FRUTILLA CONGELADA
3455,1280.0,ARANDANO CONGELADO
3456,1281.0,SESAMO
3457,1281.0,POROTO
3458,1281.0,CHIA SALVIA HISPANICA L
3459,1282.0,CHIA SALVIA HISPANICA L
3460,1282.0,POROTO
3461,1282.0,GARBANZO
3462,1283.0,ARANDANO
3463,1284.0,ARANDANO
3464,1388.0,AZUCAR DE CAÑA
3465,1389.0,CHIA SALVIA HISPANICA L
3466,1389.0,POROTO
3467,1389.0,SESAMO
3468,1390.0,CHIA SALVIA HISPANICA L
3469,1391.0,CHIA SALVIA HISPANICA L
3470,1392.0,AZUCAR DE CAÑA
3471,1392.0,CHIA SALVIA HISPANICA L
3472,1392.0,QUINOA
3473,1392.0,SESAMO
3474,1393.0,CHIA SALVIA HISPANICA L
3475,1393.0,FRUTILLA
3476,1393.0,FRUTILLA CONGELADA
3477,1393.0,ARANDANO
3478,1393.0,ARANDANO CONGELADO
3479,1394.0,CHIA
3480,969.0,VACAS
3481,969.0,TOROS
3482,969.0,VAQUILLONAS
3483,969.0,TERNERAS
3484,969.0,NOVILLOS
3485,970.0,VACAS
3486,970.0,TERNEROS
3487,970.0,TERNERAS
3488,970.0,VAQUILLONAS
3489,970.0,TOROS
3490,971.0,VACAS
3491,971.0,TOROS
3492,971.0,TERNEROS
3493,971.0,VAQUILLONAS
3494,972.0,MEJILLON
3495,1285.0,MEJILLON
